Classic Timing Analyzer report for SiFOVM_KP
Sat May 30 00:35:17 2026
Quartus II Version 9.1 Build 222 10/21/2009 SJ Web Edition


---------------------
; Table of Contents ;
---------------------
  1. Legal Notice
  2. Timing Analyzer Summary
  3. Timing Analyzer Settings
  4. Clock Settings Summary
  5. Parallel Compilation
  6. tsu
  7. tco
  8. tpd
  9. th
 10. Timing Analyzer Messages



----------------
; Legal Notice ;
----------------
Copyright (C) 1991-2009 Altera Corporation
Your use of Altera Corporation's design tools, logic functions 
and other software and tools, and its AMPP partner logic 
functions, and any output files from any of the foregoing 
(including device programming or simulation files), and any 
associated documentation or information are expressly subject 
to the terms and conditions of the Altera Program License 
Subscription Agreement, Altera MegaCore Function License 
Agreement, or other applicable license agreement, including, 
without limitation, that your use is for the sole purpose of 
programming logic devices manufactured by Altera and sold by 
Altera or its authorized distributors.  Please refer to the 
applicable agreement for further details.



+----------------------------------------------------------------------------------------------------------------------------------------------------------------------------------------------------------------------------------------------------------------------------+
; Timing Analyzer Summary                                                                                                                                                                                                                                                    ;
+------------------------------+-------+---------------+-------------+----------------------------------------------------------------------------------+-----------------------------------------------------------------------------+------------+----------+--------------+
; Type                         ; Slack ; Required Time ; Actual Time ; From                                                                             ; To                                                                          ; From Clock ; To Clock ; Failed Paths ;
+------------------------------+-------+---------------+-------------+----------------------------------------------------------------------------------+-----------------------------------------------------------------------------+------------+----------+--------------+
; Worst-case tsu               ; N/A   ; None          ; 4.791 ns    ; addr[1]                                                                          ; cache_row_memory_unit:inst1|lpm_dff2:word_1|lpm_ff:lpm_ff_component|dffs[3] ; --         ; clock    ; 0            ;
; Worst-case tco               ; N/A   ; None          ; 10.858 ns   ; cache_row_memory_unit:inst1|lpm_dff7:dirty_boots|lpm_ff:lpm_ff_component|dffs[0] ; word_out[11]                                                                ; clock      ; --       ; 0            ;
; Worst-case tpd               ; N/A   ; None          ; 13.383 ns   ; rind[0]                                                                          ; word_out[11]                                                                ; --         ; --       ; 0            ;
; Worst-case th                ; N/A   ; None          ; -1.958 ns   ; addr[7]                                                                          ; cache_row_memory_unit:inst1|lpm_dff3:tag|lpm_ff:lpm_ff_component|dffs[1]    ; --         ; clock    ; 0            ;
; Total number of failed paths ;       ;               ;             ;                                                                                  ;                                                                             ;            ;          ; 0            ;
+------------------------------+-------+---------------+-------------+----------------------------------------------------------------------------------+-----------------------------------------------------------------------------+------------+----------+--------------+


+-----------------------------------------------------------------------------------------------------------------------------------------------------+
; Timing Analyzer Settings                                                                                                                            ;
+------------------------------------------------------------------------------------------------------+--------------------+------+----+-------------+
; Option                                                                                               ; Setting            ; From ; To ; Entity Name ;
+------------------------------------------------------------------------------------------------------+--------------------+------+----+-------------+
; Device Name                                                                                          ; EP2S15F484C3       ;      ;    ;             ;
; Timing Models                                                                                        ; Final              ;      ;    ;             ;
; Default hold multicycle                                                                              ; Same as Multicycle ;      ;    ;             ;
; Cut paths between unrelated clock domains                                                            ; On                 ;      ;    ;             ;
; Cut off read during write signal paths                                                               ; On                 ;      ;    ;             ;
; Cut off feedback from I/O pins                                                                       ; On                 ;      ;    ;             ;
; Report Combined Fast/Slow Timing                                                                     ; Off                ;      ;    ;             ;
; Ignore Clock Settings                                                                                ; Off                ;      ;    ;             ;
; Analyze latches as synchronous elements                                                              ; On                 ;      ;    ;             ;
; Enable Recovery/Removal analysis                                                                     ; Off                ;      ;    ;             ;
; Enable Clock Latency                                                                                 ; Off                ;      ;    ;             ;
; Use TimeQuest Timing Analyzer                                                                        ; Off                ;      ;    ;             ;
; Number of source nodes to report per destination node                                                ; 10                 ;      ;    ;             ;
; Number of destination nodes to report                                                                ; 10                 ;      ;    ;             ;
; Number of paths to report                                                                            ; 200                ;      ;    ;             ;
; Report Minimum Timing Checks                                                                         ; Off                ;      ;    ;             ;
; Use Fast Timing Models                                                                               ; Off                ;      ;    ;             ;
; Report IO Paths Separately                                                                           ; Off                ;      ;    ;             ;
; Perform Multicorner Analysis                                                                         ; On                 ;      ;    ;             ;
; Reports the worst-case path for each clock domain and analysis                                       ; Off                ;      ;    ;             ;
; Reports worst-case timing paths for each clock domain and analysis                                   ; Off                ;      ;    ;             ;
; Specifies the maximum number of worst-case timing paths to report for each clock domain and analysis ; 100                ;      ;    ;             ;
; Removes common clock path pessimism (CCPP) during slack computation                                  ; Off                ;      ;    ;             ;
; Output I/O Timing Endpoint                                                                           ; Near End           ;      ;    ;             ;
+------------------------------------------------------------------------------------------------------+--------------------+------+----+-------------+


+------------------------------------------------------------------------------------------------------------------------------------------------------------------------------------+
; Clock Settings Summary                                                                                                                                                             ;
+-----------------+--------------------+----------+------------------+---------------+--------------+----------+-----------------------+---------------------+--------+--------------+
; Clock Node Name ; Clock Setting Name ; Type     ; Fmax Requirement ; Early Latency ; Late Latency ; Based on ; Multiply Base Fmax by ; Divide Base Fmax by ; Offset ; Phase offset ;
+-----------------+--------------------+----------+------------------+---------------+--------------+----------+-----------------------+---------------------+--------+--------------+
; clock           ;                    ; User Pin ; None             ; 0.000 ns      ; 0.000 ns     ; --       ; N/A                   ; N/A                 ; N/A    ;              ;
+-----------------+--------------------+----------+------------------+---------------+--------------+----------+-----------------------+---------------------+--------+--------------+


Parallel compilation was disabled, but you have multiple processors available. Enable parallel compilation to reduce compilation time.
+-------------------------------------+
; Parallel Compilation                ;
+----------------------------+--------+
; Processors                 ; Number ;
+----------------------------+--------+
; Number detected on machine ; 6      ;
; Maximum allowed            ; 1      ;
+----------------------------+--------+


+-----------------------------------------------------------------------------------------------------------------------------------------------------------------------------------------------------------------------+
; tsu                                                                                                                                                                                                                   ;
+-----------------------------------------+-----------------------------------------------------+------------+------------+----------------------------------------------------------------------------------+----------+
; Slack                                   ; Required tsu                                        ; Actual tsu ; From       ; To                                                                               ; To Clock ;
+-----------------------------------------+-----------------------------------------------------+------------+------------+----------------------------------------------------------------------------------+----------+
; N/A                                     ; None                                                ; 4.791 ns   ; addr[1]    ; cache_row_memory_unit:inst1|lpm_dff2:word_1|lpm_ff:lpm_ff_component|dffs[9]      ; clock    ;
; N/A                                     ; None                                                ; 4.791 ns   ; addr[1]    ; cache_row_memory_unit:inst1|lpm_dff2:word_1|lpm_ff:lpm_ff_component|dffs[8]      ; clock    ;
; N/A                                     ; None                                                ; 4.791 ns   ; addr[1]    ; cache_row_memory_unit:inst1|lpm_dff2:word_1|lpm_ff:lpm_ff_component|dffs[7]      ; clock    ;
; N/A                                     ; None                                                ; 4.791 ns   ; addr[1]    ; cache_row_memory_unit:inst1|lpm_dff2:word_1|lpm_ff:lpm_ff_component|dffs[3]      ; clock    ;
; N/A                                     ; None                                                ; 4.754 ns   ; addr[1]    ; cache_row_memory_unit:inst1|lpm_dff2:word_0|lpm_ff:lpm_ff_component|dffs[9]      ; clock    ;
; N/A                                     ; None                                                ; 4.754 ns   ; addr[1]    ; cache_row_memory_unit:inst1|lpm_dff2:word_0|lpm_ff:lpm_ff_component|dffs[8]      ; clock    ;
; N/A                                     ; None                                                ; 4.754 ns   ; addr[1]    ; cache_row_memory_unit:inst1|lpm_dff2:word_0|lpm_ff:lpm_ff_component|dffs[7]      ; clock    ;
; N/A                                     ; None                                                ; 4.754 ns   ; addr[1]    ; cache_row_memory_unit:inst1|lpm_dff2:word_0|lpm_ff:lpm_ff_component|dffs[3]      ; clock    ;
; N/A                                     ; None                                                ; 4.606 ns   ; write_word ; cache_row_memory_unit:inst1|lpm_dff2:word_1|lpm_ff:lpm_ff_component|dffs[9]      ; clock    ;
; N/A                                     ; None                                                ; 4.606 ns   ; write_word ; cache_row_memory_unit:inst1|lpm_dff2:word_1|lpm_ff:lpm_ff_component|dffs[8]      ; clock    ;
; N/A                                     ; None                                                ; 4.606 ns   ; write_word ; cache_row_memory_unit:inst1|lpm_dff2:word_1|lpm_ff:lpm_ff_component|dffs[7]      ; clock    ;
; N/A                                     ; None                                                ; 4.606 ns   ; write_word ; cache_row_memory_unit:inst1|lpm_dff2:word_1|lpm_ff:lpm_ff_component|dffs[3]      ; clock    ;
; N/A                                     ; None                                                ; 4.577 ns   ; addr[1]    ; cache_row_memory_unit:inst1|lpm_dff2:word_1|lpm_ff:lpm_ff_component|dffs[6]      ; clock    ;
; N/A                                     ; None                                                ; 4.577 ns   ; addr[1]    ; cache_row_memory_unit:inst1|lpm_dff2:word_1|lpm_ff:lpm_ff_component|dffs[5]      ; clock    ;
; N/A                                     ; None                                                ; 4.577 ns   ; addr[1]    ; cache_row_memory_unit:inst1|lpm_dff2:word_1|lpm_ff:lpm_ff_component|dffs[4]      ; clock    ;
; N/A                                     ; None                                                ; 4.567 ns   ; addr[1]    ; cache_row_memory_unit:inst1|lpm_dff2:word_3|lpm_ff:lpm_ff_component|dffs[9]      ; clock    ;
; N/A                                     ; None                                                ; 4.567 ns   ; addr[1]    ; cache_row_memory_unit:inst1|lpm_dff2:word_3|lpm_ff:lpm_ff_component|dffs[8]      ; clock    ;
; N/A                                     ; None                                                ; 4.567 ns   ; addr[1]    ; cache_row_memory_unit:inst1|lpm_dff2:word_3|lpm_ff:lpm_ff_component|dffs[7]      ; clock    ;
; N/A                                     ; None                                                ; 4.567 ns   ; addr[1]    ; cache_row_memory_unit:inst1|lpm_dff2:word_3|lpm_ff:lpm_ff_component|dffs[3]      ; clock    ;
; N/A                                     ; None                                                ; 4.567 ns   ; write_word ; cache_row_memory_unit:inst1|lpm_dff2:word_0|lpm_ff:lpm_ff_component|dffs[9]      ; clock    ;
; N/A                                     ; None                                                ; 4.567 ns   ; write_word ; cache_row_memory_unit:inst1|lpm_dff2:word_0|lpm_ff:lpm_ff_component|dffs[8]      ; clock    ;
; N/A                                     ; None                                                ; 4.567 ns   ; write_word ; cache_row_memory_unit:inst1|lpm_dff2:word_0|lpm_ff:lpm_ff_component|dffs[7]      ; clock    ;
; N/A                                     ; None                                                ; 4.567 ns   ; write_word ; cache_row_memory_unit:inst1|lpm_dff2:word_0|lpm_ff:lpm_ff_component|dffs[3]      ; clock    ;
; N/A                                     ; None                                                ; 4.563 ns   ; addr[1]    ; cache_row_memory_unit:inst1|lpm_dff2:word_0|lpm_ff:lpm_ff_component|dffs[6]      ; clock    ;
; N/A                                     ; None                                                ; 4.563 ns   ; addr[1]    ; cache_row_memory_unit:inst1|lpm_dff2:word_0|lpm_ff:lpm_ff_component|dffs[5]      ; clock    ;
; N/A                                     ; None                                                ; 4.563 ns   ; addr[1]    ; cache_row_memory_unit:inst1|lpm_dff2:word_0|lpm_ff:lpm_ff_component|dffs[4]      ; clock    ;
; N/A                                     ; None                                                ; 4.554 ns   ; addr[1]    ; cache_row_memory_unit:inst1|lpm_dff2:word_2|lpm_ff:lpm_ff_component|dffs[13]     ; clock    ;
; N/A                                     ; None                                                ; 4.554 ns   ; addr[1]    ; cache_row_memory_unit:inst1|lpm_dff2:word_2|lpm_ff:lpm_ff_component|dffs[12]     ; clock    ;
; N/A                                     ; None                                                ; 4.554 ns   ; addr[1]    ; cache_row_memory_unit:inst1|lpm_dff2:word_2|lpm_ff:lpm_ff_component|dffs[10]     ; clock    ;
; N/A                                     ; None                                                ; 4.554 ns   ; addr[1]    ; cache_row_memory_unit:inst1|lpm_dff2:word_2|lpm_ff:lpm_ff_component|dffs[9]      ; clock    ;
; N/A                                     ; None                                                ; 4.554 ns   ; addr[1]    ; cache_row_memory_unit:inst1|lpm_dff2:word_2|lpm_ff:lpm_ff_component|dffs[8]      ; clock    ;
; N/A                                     ; None                                                ; 4.554 ns   ; addr[1]    ; cache_row_memory_unit:inst1|lpm_dff2:word_2|lpm_ff:lpm_ff_component|dffs[7]      ; clock    ;
; N/A                                     ; None                                                ; 4.554 ns   ; addr[1]    ; cache_row_memory_unit:inst1|lpm_dff2:word_2|lpm_ff:lpm_ff_component|dffs[6]      ; clock    ;
; N/A                                     ; None                                                ; 4.554 ns   ; addr[1]    ; cache_row_memory_unit:inst1|lpm_dff2:word_2|lpm_ff:lpm_ff_component|dffs[5]      ; clock    ;
; N/A                                     ; None                                                ; 4.554 ns   ; addr[1]    ; cache_row_memory_unit:inst1|lpm_dff2:word_2|lpm_ff:lpm_ff_component|dffs[4]      ; clock    ;
; N/A                                     ; None                                                ; 4.554 ns   ; addr[1]    ; cache_row_memory_unit:inst1|lpm_dff2:word_2|lpm_ff:lpm_ff_component|dffs[3]      ; clock    ;
; N/A                                     ; None                                                ; 4.500 ns   ; addr[1]    ; cache_row_memory_unit:inst1|lpm_dff2:word_3|lpm_ff:lpm_ff_component|dffs[4]      ; clock    ;
; N/A                                     ; None                                                ; 4.487 ns   ; addr[0]    ; cache_row_memory_unit:inst1|lpm_dff2:word_1|lpm_ff:lpm_ff_component|dffs[9]      ; clock    ;
; N/A                                     ; None                                                ; 4.487 ns   ; addr[0]    ; cache_row_memory_unit:inst1|lpm_dff2:word_1|lpm_ff:lpm_ff_component|dffs[8]      ; clock    ;
; N/A                                     ; None                                                ; 4.487 ns   ; addr[0]    ; cache_row_memory_unit:inst1|lpm_dff2:word_1|lpm_ff:lpm_ff_component|dffs[7]      ; clock    ;
; N/A                                     ; None                                                ; 4.487 ns   ; addr[0]    ; cache_row_memory_unit:inst1|lpm_dff2:word_1|lpm_ff:lpm_ff_component|dffs[3]      ; clock    ;
; N/A                                     ; None                                                ; 4.450 ns   ; addr[0]    ; cache_row_memory_unit:inst1|lpm_dff2:word_0|lpm_ff:lpm_ff_component|dffs[9]      ; clock    ;
; N/A                                     ; None                                                ; 4.450 ns   ; addr[0]    ; cache_row_memory_unit:inst1|lpm_dff2:word_0|lpm_ff:lpm_ff_component|dffs[8]      ; clock    ;
; N/A                                     ; None                                                ; 4.450 ns   ; addr[0]    ; cache_row_memory_unit:inst1|lpm_dff2:word_0|lpm_ff:lpm_ff_component|dffs[7]      ; clock    ;
; N/A                                     ; None                                                ; 4.450 ns   ; addr[0]    ; cache_row_memory_unit:inst1|lpm_dff2:word_0|lpm_ff:lpm_ff_component|dffs[3]      ; clock    ;
; N/A                                     ; None                                                ; 4.392 ns   ; write_word ; cache_row_memory_unit:inst1|lpm_dff2:word_1|lpm_ff:lpm_ff_component|dffs[6]      ; clock    ;
; N/A                                     ; None                                                ; 4.392 ns   ; write_word ; cache_row_memory_unit:inst1|lpm_dff2:word_1|lpm_ff:lpm_ff_component|dffs[5]      ; clock    ;
; N/A                                     ; None                                                ; 4.392 ns   ; write_word ; cache_row_memory_unit:inst1|lpm_dff2:word_1|lpm_ff:lpm_ff_component|dffs[4]      ; clock    ;
; N/A                                     ; None                                                ; 4.384 ns   ; addr[1]    ; cache_row_memory_unit:inst1|lpm_dff2:word_1|lpm_ff:lpm_ff_component|dffs[13]     ; clock    ;
; N/A                                     ; None                                                ; 4.384 ns   ; addr[1]    ; cache_row_memory_unit:inst1|lpm_dff2:word_1|lpm_ff:lpm_ff_component|dffs[12]     ; clock    ;
; N/A                                     ; None                                                ; 4.384 ns   ; addr[1]    ; cache_row_memory_unit:inst1|lpm_dff2:word_1|lpm_ff:lpm_ff_component|dffs[10]     ; clock    ;
; N/A                                     ; None                                                ; 4.384 ns   ; addr[1]    ; cache_row_memory_unit:inst1|lpm_dff2:word_1|lpm_ff:lpm_ff_component|dffs[0]      ; clock    ;
; N/A                                     ; None                                                ; 4.383 ns   ; write_word ; cache_row_memory_unit:inst1|lpm_dff2:word_3|lpm_ff:lpm_ff_component|dffs[9]      ; clock    ;
; N/A                                     ; None                                                ; 4.383 ns   ; write_word ; cache_row_memory_unit:inst1|lpm_dff2:word_3|lpm_ff:lpm_ff_component|dffs[8]      ; clock    ;
; N/A                                     ; None                                                ; 4.383 ns   ; write_word ; cache_row_memory_unit:inst1|lpm_dff2:word_3|lpm_ff:lpm_ff_component|dffs[7]      ; clock    ;
; N/A                                     ; None                                                ; 4.383 ns   ; write_word ; cache_row_memory_unit:inst1|lpm_dff2:word_3|lpm_ff:lpm_ff_component|dffs[3]      ; clock    ;
; N/A                                     ; None                                                ; 4.376 ns   ; write_word ; cache_row_memory_unit:inst1|lpm_dff2:word_0|lpm_ff:lpm_ff_component|dffs[6]      ; clock    ;
; N/A                                     ; None                                                ; 4.376 ns   ; write_word ; cache_row_memory_unit:inst1|lpm_dff2:word_0|lpm_ff:lpm_ff_component|dffs[5]      ; clock    ;
; N/A                                     ; None                                                ; 4.376 ns   ; write_word ; cache_row_memory_unit:inst1|lpm_dff2:word_0|lpm_ff:lpm_ff_component|dffs[4]      ; clock    ;
; N/A                                     ; None                                                ; 4.366 ns   ; write_word ; cache_row_memory_unit:inst1|lpm_dff2:word_2|lpm_ff:lpm_ff_component|dffs[13]     ; clock    ;
; N/A                                     ; None                                                ; 4.366 ns   ; write_word ; cache_row_memory_unit:inst1|lpm_dff2:word_2|lpm_ff:lpm_ff_component|dffs[12]     ; clock    ;
; N/A                                     ; None                                                ; 4.366 ns   ; write_word ; cache_row_memory_unit:inst1|lpm_dff2:word_2|lpm_ff:lpm_ff_component|dffs[10]     ; clock    ;
; N/A                                     ; None                                                ; 4.366 ns   ; write_word ; cache_row_memory_unit:inst1|lpm_dff2:word_2|lpm_ff:lpm_ff_component|dffs[9]      ; clock    ;
; N/A                                     ; None                                                ; 4.366 ns   ; write_word ; cache_row_memory_unit:inst1|lpm_dff2:word_2|lpm_ff:lpm_ff_component|dffs[8]      ; clock    ;
; N/A                                     ; None                                                ; 4.366 ns   ; write_word ; cache_row_memory_unit:inst1|lpm_dff2:word_2|lpm_ff:lpm_ff_component|dffs[7]      ; clock    ;
; N/A                                     ; None                                                ; 4.366 ns   ; write_word ; cache_row_memory_unit:inst1|lpm_dff2:word_2|lpm_ff:lpm_ff_component|dffs[6]      ; clock    ;
; N/A                                     ; None                                                ; 4.366 ns   ; write_word ; cache_row_memory_unit:inst1|lpm_dff2:word_2|lpm_ff:lpm_ff_component|dffs[5]      ; clock    ;
; N/A                                     ; None                                                ; 4.366 ns   ; write_word ; cache_row_memory_unit:inst1|lpm_dff2:word_2|lpm_ff:lpm_ff_component|dffs[4]      ; clock    ;
; N/A                                     ; None                                                ; 4.366 ns   ; write_word ; cache_row_memory_unit:inst1|lpm_dff2:word_2|lpm_ff:lpm_ff_component|dffs[3]      ; clock    ;
; N/A                                     ; None                                                ; 4.345 ns   ; addr[1]    ; cache_row_memory_unit:inst1|lpm_dff2:word_0|lpm_ff:lpm_ff_component|dffs[13]     ; clock    ;
; N/A                                     ; None                                                ; 4.345 ns   ; addr[1]    ; cache_row_memory_unit:inst1|lpm_dff2:word_0|lpm_ff:lpm_ff_component|dffs[12]     ; clock    ;
; N/A                                     ; None                                                ; 4.345 ns   ; addr[1]    ; cache_row_memory_unit:inst1|lpm_dff2:word_0|lpm_ff:lpm_ff_component|dffs[10]     ; clock    ;
; N/A                                     ; None                                                ; 4.345 ns   ; addr[1]    ; cache_row_memory_unit:inst1|lpm_dff2:word_0|lpm_ff:lpm_ff_component|dffs[0]      ; clock    ;
; N/A                                     ; None                                                ; 4.342 ns   ; addr[1]    ; cache_row_memory_unit:inst1|lpm_dff2:word_3|lpm_ff:lpm_ff_component|dffs[13]     ; clock    ;
; N/A                                     ; None                                                ; 4.342 ns   ; addr[1]    ; cache_row_memory_unit:inst1|lpm_dff2:word_3|lpm_ff:lpm_ff_component|dffs[12]     ; clock    ;
; N/A                                     ; None                                                ; 4.342 ns   ; addr[1]    ; cache_row_memory_unit:inst1|lpm_dff2:word_3|lpm_ff:lpm_ff_component|dffs[10]     ; clock    ;
; N/A                                     ; None                                                ; 4.342 ns   ; addr[1]    ; cache_row_memory_unit:inst1|lpm_dff2:word_3|lpm_ff:lpm_ff_component|dffs[0]      ; clock    ;
; N/A                                     ; None                                                ; 4.316 ns   ; write_word ; cache_row_memory_unit:inst1|lpm_dff2:word_3|lpm_ff:lpm_ff_component|dffs[4]      ; clock    ;
; N/A                                     ; None                                                ; 4.315 ns   ; addr[1]    ; cache_row_memory_unit:inst1|lpm_dff2:word_2|lpm_ff:lpm_ff_component|dffs[2]      ; clock    ;
; N/A                                     ; None                                                ; 4.315 ns   ; addr[1]    ; cache_row_memory_unit:inst1|lpm_dff2:word_2|lpm_ff:lpm_ff_component|dffs[1]      ; clock    ;
; N/A                                     ; None                                                ; 4.315 ns   ; addr[1]    ; cache_row_memory_unit:inst1|lpm_dff2:word_2|lpm_ff:lpm_ff_component|dffs[0]      ; clock    ;
; N/A                                     ; None                                                ; 4.273 ns   ; addr[0]    ; cache_row_memory_unit:inst1|lpm_dff2:word_1|lpm_ff:lpm_ff_component|dffs[6]      ; clock    ;
; N/A                                     ; None                                                ; 4.273 ns   ; addr[0]    ; cache_row_memory_unit:inst1|lpm_dff2:word_1|lpm_ff:lpm_ff_component|dffs[5]      ; clock    ;
; N/A                                     ; None                                                ; 4.273 ns   ; addr[0]    ; cache_row_memory_unit:inst1|lpm_dff2:word_1|lpm_ff:lpm_ff_component|dffs[4]      ; clock    ;
; N/A                                     ; None                                                ; 4.264 ns   ; addr[0]    ; cache_row_memory_unit:inst1|lpm_dff2:word_3|lpm_ff:lpm_ff_component|dffs[9]      ; clock    ;
; N/A                                     ; None                                                ; 4.264 ns   ; addr[0]    ; cache_row_memory_unit:inst1|lpm_dff2:word_3|lpm_ff:lpm_ff_component|dffs[8]      ; clock    ;
; N/A                                     ; None                                                ; 4.264 ns   ; addr[0]    ; cache_row_memory_unit:inst1|lpm_dff2:word_3|lpm_ff:lpm_ff_component|dffs[7]      ; clock    ;
; N/A                                     ; None                                                ; 4.264 ns   ; addr[0]    ; cache_row_memory_unit:inst1|lpm_dff2:word_3|lpm_ff:lpm_ff_component|dffs[3]      ; clock    ;
; N/A                                     ; None                                                ; 4.259 ns   ; addr[0]    ; cache_row_memory_unit:inst1|lpm_dff2:word_0|lpm_ff:lpm_ff_component|dffs[6]      ; clock    ;
; N/A                                     ; None                                                ; 4.259 ns   ; addr[0]    ; cache_row_memory_unit:inst1|lpm_dff2:word_0|lpm_ff:lpm_ff_component|dffs[5]      ; clock    ;
; N/A                                     ; None                                                ; 4.259 ns   ; addr[0]    ; cache_row_memory_unit:inst1|lpm_dff2:word_0|lpm_ff:lpm_ff_component|dffs[4]      ; clock    ;
; N/A                                     ; None                                                ; 4.249 ns   ; addr[0]    ; cache_row_memory_unit:inst1|lpm_dff2:word_2|lpm_ff:lpm_ff_component|dffs[13]     ; clock    ;
; N/A                                     ; None                                                ; 4.249 ns   ; addr[0]    ; cache_row_memory_unit:inst1|lpm_dff2:word_2|lpm_ff:lpm_ff_component|dffs[12]     ; clock    ;
; N/A                                     ; None                                                ; 4.249 ns   ; addr[0]    ; cache_row_memory_unit:inst1|lpm_dff2:word_2|lpm_ff:lpm_ff_component|dffs[10]     ; clock    ;
; N/A                                     ; None                                                ; 4.249 ns   ; addr[0]    ; cache_row_memory_unit:inst1|lpm_dff2:word_2|lpm_ff:lpm_ff_component|dffs[9]      ; clock    ;
; N/A                                     ; None                                                ; 4.249 ns   ; addr[0]    ; cache_row_memory_unit:inst1|lpm_dff2:word_2|lpm_ff:lpm_ff_component|dffs[8]      ; clock    ;
; N/A                                     ; None                                                ; 4.249 ns   ; addr[0]    ; cache_row_memory_unit:inst1|lpm_dff2:word_2|lpm_ff:lpm_ff_component|dffs[7]      ; clock    ;
; N/A                                     ; None                                                ; 4.249 ns   ; addr[0]    ; cache_row_memory_unit:inst1|lpm_dff2:word_2|lpm_ff:lpm_ff_component|dffs[6]      ; clock    ;
; N/A                                     ; None                                                ; 4.249 ns   ; addr[0]    ; cache_row_memory_unit:inst1|lpm_dff2:word_2|lpm_ff:lpm_ff_component|dffs[5]      ; clock    ;
; N/A                                     ; None                                                ; 4.249 ns   ; addr[0]    ; cache_row_memory_unit:inst1|lpm_dff2:word_2|lpm_ff:lpm_ff_component|dffs[4]      ; clock    ;
; N/A                                     ; None                                                ; 4.249 ns   ; addr[0]    ; cache_row_memory_unit:inst1|lpm_dff2:word_2|lpm_ff:lpm_ff_component|dffs[3]      ; clock    ;
; N/A                                     ; None                                                ; 4.201 ns   ; write_word ; cache_row_memory_unit:inst1|lpm_dff7:dirty_boots|lpm_ff:lpm_ff_component|dffs[0] ; clock    ;
; N/A                                     ; None                                                ; 4.199 ns   ; write_word ; cache_row_memory_unit:inst1|lpm_dff2:word_1|lpm_ff:lpm_ff_component|dffs[13]     ; clock    ;
; N/A                                     ; None                                                ; 4.199 ns   ; write_word ; cache_row_memory_unit:inst1|lpm_dff2:word_1|lpm_ff:lpm_ff_component|dffs[12]     ; clock    ;
; N/A                                     ; None                                                ; 4.199 ns   ; write_word ; cache_row_memory_unit:inst1|lpm_dff2:word_1|lpm_ff:lpm_ff_component|dffs[10]     ; clock    ;
; N/A                                     ; None                                                ; 4.199 ns   ; write_word ; cache_row_memory_unit:inst1|lpm_dff2:word_1|lpm_ff:lpm_ff_component|dffs[0]      ; clock    ;
; N/A                                     ; None                                                ; 4.197 ns   ; addr[0]    ; cache_row_memory_unit:inst1|lpm_dff2:word_3|lpm_ff:lpm_ff_component|dffs[4]      ; clock    ;
; N/A                                     ; None                                                ; 4.158 ns   ; write_word ; cache_row_memory_unit:inst1|lpm_dff2:word_0|lpm_ff:lpm_ff_component|dffs[13]     ; clock    ;
; N/A                                     ; None                                                ; 4.158 ns   ; write_word ; cache_row_memory_unit:inst1|lpm_dff2:word_3|lpm_ff:lpm_ff_component|dffs[13]     ; clock    ;
; N/A                                     ; None                                                ; 4.158 ns   ; write_word ; cache_row_memory_unit:inst1|lpm_dff2:word_0|lpm_ff:lpm_ff_component|dffs[12]     ; clock    ;
; N/A                                     ; None                                                ; 4.158 ns   ; write_word ; cache_row_memory_unit:inst1|lpm_dff2:word_3|lpm_ff:lpm_ff_component|dffs[12]     ; clock    ;
; N/A                                     ; None                                                ; 4.158 ns   ; write_word ; cache_row_memory_unit:inst1|lpm_dff2:word_0|lpm_ff:lpm_ff_component|dffs[10]     ; clock    ;
; N/A                                     ; None                                                ; 4.158 ns   ; write_word ; cache_row_memory_unit:inst1|lpm_dff2:word_3|lpm_ff:lpm_ff_component|dffs[10]     ; clock    ;
; N/A                                     ; None                                                ; 4.158 ns   ; write_word ; cache_row_memory_unit:inst1|lpm_dff2:word_0|lpm_ff:lpm_ff_component|dffs[0]      ; clock    ;
; N/A                                     ; None                                                ; 4.158 ns   ; write_word ; cache_row_memory_unit:inst1|lpm_dff2:word_3|lpm_ff:lpm_ff_component|dffs[0]      ; clock    ;
; N/A                                     ; None                                                ; 4.130 ns   ; addr[1]    ; cache_row_memory_unit:inst1|lpm_dff2:word_3|lpm_ff:lpm_ff_component|dffs[6]      ; clock    ;
; N/A                                     ; None                                                ; 4.130 ns   ; addr[1]    ; cache_row_memory_unit:inst1|lpm_dff2:word_3|lpm_ff:lpm_ff_component|dffs[5]      ; clock    ;
; N/A                                     ; None                                                ; 4.130 ns   ; addr[1]    ; cache_row_memory_unit:inst1|lpm_dff2:word_3|lpm_ff:lpm_ff_component|dffs[2]      ; clock    ;
; N/A                                     ; None                                                ; 4.130 ns   ; addr[1]    ; cache_row_memory_unit:inst1|lpm_dff2:word_3|lpm_ff:lpm_ff_component|dffs[1]      ; clock    ;
; N/A                                     ; None                                                ; 4.129 ns   ; addr[1]    ; cache_row_memory_unit:inst1|lpm_dff2:word_0|lpm_ff:lpm_ff_component|dffs[2]      ; clock    ;
; N/A                                     ; None                                                ; 4.129 ns   ; addr[1]    ; cache_row_memory_unit:inst1|lpm_dff2:word_0|lpm_ff:lpm_ff_component|dffs[1]      ; clock    ;
; N/A                                     ; None                                                ; 4.127 ns   ; write_word ; cache_row_memory_unit:inst1|lpm_dff2:word_2|lpm_ff:lpm_ff_component|dffs[2]      ; clock    ;
; N/A                                     ; None                                                ; 4.127 ns   ; write_word ; cache_row_memory_unit:inst1|lpm_dff2:word_2|lpm_ff:lpm_ff_component|dffs[1]      ; clock    ;
; N/A                                     ; None                                                ; 4.127 ns   ; write_word ; cache_row_memory_unit:inst1|lpm_dff2:word_2|lpm_ff:lpm_ff_component|dffs[0]      ; clock    ;
; N/A                                     ; None                                                ; 4.121 ns   ; addr[1]    ; cache_row_memory_unit:inst1|lpm_dff2:word_1|lpm_ff:lpm_ff_component|dffs[15]     ; clock    ;
; N/A                                     ; None                                                ; 4.121 ns   ; addr[1]    ; cache_row_memory_unit:inst1|lpm_dff2:word_1|lpm_ff:lpm_ff_component|dffs[14]     ; clock    ;
; N/A                                     ; None                                                ; 4.121 ns   ; addr[1]    ; cache_row_memory_unit:inst1|lpm_dff2:word_1|lpm_ff:lpm_ff_component|dffs[11]     ; clock    ;
; N/A                                     ; None                                                ; 4.121 ns   ; addr[1]    ; cache_row_memory_unit:inst1|lpm_dff2:word_1|lpm_ff:lpm_ff_component|dffs[2]      ; clock    ;
; N/A                                     ; None                                                ; 4.121 ns   ; addr[1]    ; cache_row_memory_unit:inst1|lpm_dff2:word_1|lpm_ff:lpm_ff_component|dffs[1]      ; clock    ;
; N/A                                     ; None                                                ; 4.080 ns   ; addr[0]    ; cache_row_memory_unit:inst1|lpm_dff2:word_1|lpm_ff:lpm_ff_component|dffs[13]     ; clock    ;
; N/A                                     ; None                                                ; 4.080 ns   ; addr[0]    ; cache_row_memory_unit:inst1|lpm_dff2:word_1|lpm_ff:lpm_ff_component|dffs[12]     ; clock    ;
; N/A                                     ; None                                                ; 4.080 ns   ; addr[0]    ; cache_row_memory_unit:inst1|lpm_dff2:word_1|lpm_ff:lpm_ff_component|dffs[10]     ; clock    ;
; N/A                                     ; None                                                ; 4.080 ns   ; addr[0]    ; cache_row_memory_unit:inst1|lpm_dff2:word_1|lpm_ff:lpm_ff_component|dffs[0]      ; clock    ;
; N/A                                     ; None                                                ; 4.050 ns   ; write_word ; cache_row_memory_unit:inst1|lpm_dff7:valid_fl|lpm_ff:lpm_ff_component|dffs[0]    ; clock    ;
; N/A                                     ; None                                                ; 4.041 ns   ; addr[0]    ; cache_row_memory_unit:inst1|lpm_dff2:word_0|lpm_ff:lpm_ff_component|dffs[13]     ; clock    ;
; N/A                                     ; None                                                ; 4.041 ns   ; addr[0]    ; cache_row_memory_unit:inst1|lpm_dff2:word_0|lpm_ff:lpm_ff_component|dffs[12]     ; clock    ;
; N/A                                     ; None                                                ; 4.041 ns   ; addr[0]    ; cache_row_memory_unit:inst1|lpm_dff2:word_0|lpm_ff:lpm_ff_component|dffs[10]     ; clock    ;
; N/A                                     ; None                                                ; 4.041 ns   ; addr[0]    ; cache_row_memory_unit:inst1|lpm_dff2:word_0|lpm_ff:lpm_ff_component|dffs[0]      ; clock    ;
; N/A                                     ; None                                                ; 4.039 ns   ; addr[0]    ; cache_row_memory_unit:inst1|lpm_dff2:word_3|lpm_ff:lpm_ff_component|dffs[13]     ; clock    ;
; N/A                                     ; None                                                ; 4.039 ns   ; addr[0]    ; cache_row_memory_unit:inst1|lpm_dff2:word_3|lpm_ff:lpm_ff_component|dffs[12]     ; clock    ;
; N/A                                     ; None                                                ; 4.039 ns   ; addr[0]    ; cache_row_memory_unit:inst1|lpm_dff2:word_3|lpm_ff:lpm_ff_component|dffs[10]     ; clock    ;
; N/A                                     ; None                                                ; 4.039 ns   ; addr[0]    ; cache_row_memory_unit:inst1|lpm_dff2:word_3|lpm_ff:lpm_ff_component|dffs[0]      ; clock    ;
; N/A                                     ; None                                                ; 4.034 ns   ; addr[1]    ; cache_row_memory_unit:inst1|lpm_dff2:word_0|lpm_ff:lpm_ff_component|dffs[15]     ; clock    ;
; N/A                                     ; None                                                ; 4.034 ns   ; addr[1]    ; cache_row_memory_unit:inst1|lpm_dff2:word_0|lpm_ff:lpm_ff_component|dffs[14]     ; clock    ;
; N/A                                     ; None                                                ; 4.034 ns   ; addr[1]    ; cache_row_memory_unit:inst1|lpm_dff2:word_0|lpm_ff:lpm_ff_component|dffs[11]     ; clock    ;
; N/A                                     ; None                                                ; 4.032 ns   ; addr[1]    ; cache_row_memory_unit:inst1|lpm_dff2:word_3|lpm_ff:lpm_ff_component|dffs[15]     ; clock    ;
; N/A                                     ; None                                                ; 4.032 ns   ; addr[1]    ; cache_row_memory_unit:inst1|lpm_dff2:word_3|lpm_ff:lpm_ff_component|dffs[14]     ; clock    ;
; N/A                                     ; None                                                ; 4.032 ns   ; addr[1]    ; cache_row_memory_unit:inst1|lpm_dff2:word_3|lpm_ff:lpm_ff_component|dffs[11]     ; clock    ;
; N/A                                     ; None                                                ; 4.031 ns   ; addr[1]    ; cache_row_memory_unit:inst1|lpm_dff2:word_2|lpm_ff:lpm_ff_component|dffs[15]     ; clock    ;
; N/A                                     ; None                                                ; 4.031 ns   ; addr[1]    ; cache_row_memory_unit:inst1|lpm_dff2:word_2|lpm_ff:lpm_ff_component|dffs[14]     ; clock    ;
; N/A                                     ; None                                                ; 4.031 ns   ; addr[1]    ; cache_row_memory_unit:inst1|lpm_dff2:word_2|lpm_ff:lpm_ff_component|dffs[11]     ; clock    ;
; N/A                                     ; None                                                ; 4.010 ns   ; addr[0]    ; cache_row_memory_unit:inst1|lpm_dff2:word_2|lpm_ff:lpm_ff_component|dffs[2]      ; clock    ;
; N/A                                     ; None                                                ; 4.010 ns   ; addr[0]    ; cache_row_memory_unit:inst1|lpm_dff2:word_2|lpm_ff:lpm_ff_component|dffs[1]      ; clock    ;
; N/A                                     ; None                                                ; 4.010 ns   ; addr[0]    ; cache_row_memory_unit:inst1|lpm_dff2:word_2|lpm_ff:lpm_ff_component|dffs[0]      ; clock    ;
; N/A                                     ; None                                                ; 3.946 ns   ; write_word ; cache_row_memory_unit:inst1|lpm_dff2:word_3|lpm_ff:lpm_ff_component|dffs[6]      ; clock    ;
; N/A                                     ; None                                                ; 3.946 ns   ; write_word ; cache_row_memory_unit:inst1|lpm_dff2:word_3|lpm_ff:lpm_ff_component|dffs[5]      ; clock    ;
; N/A                                     ; None                                                ; 3.946 ns   ; write_word ; cache_row_memory_unit:inst1|lpm_dff2:word_3|lpm_ff:lpm_ff_component|dffs[2]      ; clock    ;
; N/A                                     ; None                                                ; 3.946 ns   ; write_word ; cache_row_memory_unit:inst1|lpm_dff2:word_3|lpm_ff:lpm_ff_component|dffs[1]      ; clock    ;
; N/A                                     ; None                                                ; 3.942 ns   ; write_word ; cache_row_memory_unit:inst1|lpm_dff2:word_0|lpm_ff:lpm_ff_component|dffs[2]      ; clock    ;
; N/A                                     ; None                                                ; 3.942 ns   ; write_word ; cache_row_memory_unit:inst1|lpm_dff2:word_0|lpm_ff:lpm_ff_component|dffs[1]      ; clock    ;
; N/A                                     ; None                                                ; 3.936 ns   ; write_word ; cache_row_memory_unit:inst1|lpm_dff2:word_1|lpm_ff:lpm_ff_component|dffs[15]     ; clock    ;
; N/A                                     ; None                                                ; 3.936 ns   ; write_word ; cache_row_memory_unit:inst1|lpm_dff2:word_1|lpm_ff:lpm_ff_component|dffs[14]     ; clock    ;
; N/A                                     ; None                                                ; 3.936 ns   ; write_word ; cache_row_memory_unit:inst1|lpm_dff2:word_1|lpm_ff:lpm_ff_component|dffs[11]     ; clock    ;
; N/A                                     ; None                                                ; 3.936 ns   ; write_word ; cache_row_memory_unit:inst1|lpm_dff2:word_1|lpm_ff:lpm_ff_component|dffs[2]      ; clock    ;
; N/A                                     ; None                                                ; 3.936 ns   ; write_word ; cache_row_memory_unit:inst1|lpm_dff2:word_1|lpm_ff:lpm_ff_component|dffs[1]      ; clock    ;
; N/A                                     ; None                                                ; 3.848 ns   ; write_word ; cache_row_memory_unit:inst1|lpm_dff2:word_3|lpm_ff:lpm_ff_component|dffs[15]     ; clock    ;
; N/A                                     ; None                                                ; 3.848 ns   ; write_word ; cache_row_memory_unit:inst1|lpm_dff2:word_3|lpm_ff:lpm_ff_component|dffs[14]     ; clock    ;
; N/A                                     ; None                                                ; 3.848 ns   ; write_word ; cache_row_memory_unit:inst1|lpm_dff2:word_3|lpm_ff:lpm_ff_component|dffs[11]     ; clock    ;
; N/A                                     ; None                                                ; 3.847 ns   ; write_word ; cache_row_memory_unit:inst1|lpm_dff2:word_0|lpm_ff:lpm_ff_component|dffs[15]     ; clock    ;
; N/A                                     ; None                                                ; 3.847 ns   ; write_word ; cache_row_memory_unit:inst1|lpm_dff2:word_0|lpm_ff:lpm_ff_component|dffs[14]     ; clock    ;
; N/A                                     ; None                                                ; 3.847 ns   ; write_word ; cache_row_memory_unit:inst1|lpm_dff2:word_0|lpm_ff:lpm_ff_component|dffs[11]     ; clock    ;
; N/A                                     ; None                                                ; 3.843 ns   ; write_word ; cache_row_memory_unit:inst1|lpm_dff2:word_2|lpm_ff:lpm_ff_component|dffs[15]     ; clock    ;
; N/A                                     ; None                                                ; 3.843 ns   ; write_word ; cache_row_memory_unit:inst1|lpm_dff2:word_2|lpm_ff:lpm_ff_component|dffs[14]     ; clock    ;
; N/A                                     ; None                                                ; 3.843 ns   ; write_word ; cache_row_memory_unit:inst1|lpm_dff2:word_2|lpm_ff:lpm_ff_component|dffs[11]     ; clock    ;
; N/A                                     ; None                                                ; 3.827 ns   ; addr[0]    ; cache_row_memory_unit:inst1|lpm_dff2:word_3|lpm_ff:lpm_ff_component|dffs[6]      ; clock    ;
; N/A                                     ; None                                                ; 3.827 ns   ; addr[0]    ; cache_row_memory_unit:inst1|lpm_dff2:word_3|lpm_ff:lpm_ff_component|dffs[5]      ; clock    ;
; N/A                                     ; None                                                ; 3.827 ns   ; addr[0]    ; cache_row_memory_unit:inst1|lpm_dff2:word_3|lpm_ff:lpm_ff_component|dffs[2]      ; clock    ;
; N/A                                     ; None                                                ; 3.827 ns   ; addr[0]    ; cache_row_memory_unit:inst1|lpm_dff2:word_3|lpm_ff:lpm_ff_component|dffs[1]      ; clock    ;
; N/A                                     ; None                                                ; 3.825 ns   ; addr[0]    ; cache_row_memory_unit:inst1|lpm_dff2:word_0|lpm_ff:lpm_ff_component|dffs[2]      ; clock    ;
; N/A                                     ; None                                                ; 3.825 ns   ; addr[0]    ; cache_row_memory_unit:inst1|lpm_dff2:word_0|lpm_ff:lpm_ff_component|dffs[1]      ; clock    ;
; N/A                                     ; None                                                ; 3.817 ns   ; addr[0]    ; cache_row_memory_unit:inst1|lpm_dff2:word_1|lpm_ff:lpm_ff_component|dffs[15]     ; clock    ;
; N/A                                     ; None                                                ; 3.817 ns   ; addr[0]    ; cache_row_memory_unit:inst1|lpm_dff2:word_1|lpm_ff:lpm_ff_component|dffs[14]     ; clock    ;
; N/A                                     ; None                                                ; 3.817 ns   ; addr[0]    ; cache_row_memory_unit:inst1|lpm_dff2:word_1|lpm_ff:lpm_ff_component|dffs[11]     ; clock    ;
; N/A                                     ; None                                                ; 3.817 ns   ; addr[0]    ; cache_row_memory_unit:inst1|lpm_dff2:word_1|lpm_ff:lpm_ff_component|dffs[2]      ; clock    ;
; N/A                                     ; None                                                ; 3.817 ns   ; addr[0]    ; cache_row_memory_unit:inst1|lpm_dff2:word_1|lpm_ff:lpm_ff_component|dffs[1]      ; clock    ;
; N/A                                     ; None                                                ; 3.730 ns   ; addr[0]    ; cache_row_memory_unit:inst1|lpm_dff2:word_0|lpm_ff:lpm_ff_component|dffs[15]     ; clock    ;
; N/A                                     ; None                                                ; 3.730 ns   ; addr[0]    ; cache_row_memory_unit:inst1|lpm_dff2:word_0|lpm_ff:lpm_ff_component|dffs[14]     ; clock    ;
; N/A                                     ; None                                                ; 3.730 ns   ; addr[0]    ; cache_row_memory_unit:inst1|lpm_dff2:word_0|lpm_ff:lpm_ff_component|dffs[11]     ; clock    ;
; N/A                                     ; None                                                ; 3.729 ns   ; addr[0]    ; cache_row_memory_unit:inst1|lpm_dff2:word_3|lpm_ff:lpm_ff_component|dffs[15]     ; clock    ;
; N/A                                     ; None                                                ; 3.729 ns   ; addr[0]    ; cache_row_memory_unit:inst1|lpm_dff2:word_3|lpm_ff:lpm_ff_component|dffs[14]     ; clock    ;
; N/A                                     ; None                                                ; 3.729 ns   ; addr[0]    ; cache_row_memory_unit:inst1|lpm_dff2:word_3|lpm_ff:lpm_ff_component|dffs[11]     ; clock    ;
; N/A                                     ; None                                                ; 3.726 ns   ; addr[0]    ; cache_row_memory_unit:inst1|lpm_dff2:word_2|lpm_ff:lpm_ff_component|dffs[15]     ; clock    ;
; N/A                                     ; None                                                ; 3.726 ns   ; addr[0]    ; cache_row_memory_unit:inst1|lpm_dff2:word_2|lpm_ff:lpm_ff_component|dffs[14]     ; clock    ;
; N/A                                     ; None                                                ; 3.726 ns   ; addr[0]    ; cache_row_memory_unit:inst1|lpm_dff2:word_2|lpm_ff:lpm_ff_component|dffs[11]     ; clock    ;
; N/A                                     ; None                                                ; 3.574 ns   ; write_word ; cache_row_memory_unit:inst1|lpm_dff3:tag|lpm_ff:lpm_ff_component|dffs[9]         ; clock    ;
; N/A                                     ; None                                                ; 3.574 ns   ; write_word ; cache_row_memory_unit:inst1|lpm_dff3:tag|lpm_ff:lpm_ff_component|dffs[8]         ; clock    ;
; N/A                                     ; None                                                ; 3.574 ns   ; write_word ; cache_row_memory_unit:inst1|lpm_dff3:tag|lpm_ff:lpm_ff_component|dffs[7]         ; clock    ;
; N/A                                     ; None                                                ; 3.574 ns   ; write_word ; cache_row_memory_unit:inst1|lpm_dff3:tag|lpm_ff:lpm_ff_component|dffs[5]         ; clock    ;
; N/A                                     ; None                                                ; 3.574 ns   ; write_word ; cache_row_memory_unit:inst1|lpm_dff3:tag|lpm_ff:lpm_ff_component|dffs[4]         ; clock    ;
; N/A                                     ; None                                                ; 3.574 ns   ; write_word ; cache_row_memory_unit:inst1|lpm_dff3:tag|lpm_ff:lpm_ff_component|dffs[3]         ; clock    ;
; Timing analysis restricted to 200 rows. ; To change the limit use Settings (Assignments menu) ;            ;            ;                                                                                  ;          ;
+-----------------------------------------+-----------------------------------------------------+------------+------------+----------------------------------------------------------------------------------+----------+


+------------------------------------------------------------------------------------------------------------------------------------------------------------------------------------------------------------------------------+
; tco                                                                                                                                                                                                                          ;
+-----------------------------------------+-----------------------------------------------------+------------+----------------------------------------------------------------------------------+-----------------+------------+
; Slack                                   ; Required tco                                        ; Actual tco ; From                                                                             ; To              ; From Clock ;
+-----------------------------------------+-----------------------------------------------------+------------+----------------------------------------------------------------------------------+-----------------+------------+
; N/A                                     ; None                                                ; 10.858 ns  ; cache_row_memory_unit:inst1|lpm_dff7:dirty_boots|lpm_ff:lpm_ff_component|dffs[0] ; word_out[11]    ; clock      ;
; N/A                                     ; None                                                ; 10.364 ns  ; cache_row_memory_unit:inst1|lpm_dff7:dirty_boots|lpm_ff:lpm_ff_component|dffs[0] ; word_out[10]    ; clock      ;
; N/A                                     ; None                                                ; 10.151 ns  ; cache_row_memory_unit:inst1|lpm_dff3:tag|lpm_ff:lpm_ff_component|dffs[6]         ; word_out[11]    ; clock      ;
; N/A                                     ; None                                                ; 10.008 ns  ; cache_row_memory_unit:inst1|lpm_dff7:dirty_boots|lpm_ff:lpm_ff_component|dffs[0] ; word_out[7]     ; clock      ;
; N/A                                     ; None                                                ; 9.999 ns   ; cache_row_memory_unit:inst1|lpm_dff3:tag|lpm_ff:lpm_ff_component|dffs[9]         ; word_out[11]    ; clock      ;
; N/A                                     ; None                                                ; 9.962 ns   ; cache_row_memory_unit:inst1|lpm_dff3:tag|lpm_ff:lpm_ff_component|dffs[0]         ; word_out[11]    ; clock      ;
; N/A                                     ; None                                                ; 9.916 ns   ; cache_row_memory_unit:inst1|lpm_dff7:dirty_boots|lpm_ff:lpm_ff_component|dffs[0] ; word_out[3]     ; clock      ;
; N/A                                     ; None                                                ; 9.805 ns   ; cache_row_memory_unit:inst1|lpm_dff7:dirty_boots|lpm_ff:lpm_ff_component|dffs[0] ; word_out[9]     ; clock      ;
; N/A                                     ; None                                                ; 9.766 ns   ; cache_row_memory_unit:inst1|lpm_dff7:dirty_boots|lpm_ff:lpm_ff_component|dffs[0] ; word_out[8]     ; clock      ;
; N/A                                     ; None                                                ; 9.657 ns   ; cache_row_memory_unit:inst1|lpm_dff3:tag|lpm_ff:lpm_ff_component|dffs[6]         ; word_out[10]    ; clock      ;
; N/A                                     ; None                                                ; 9.648 ns   ; cache_row_memory_unit:inst1|lpm_dff7:dirty_boots|lpm_ff:lpm_ff_component|dffs[0] ; word_out[12]    ; clock      ;
; N/A                                     ; None                                                ; 9.633 ns   ; cache_row_memory_unit:inst1|lpm_dff3:tag|lpm_ff:lpm_ff_component|dffs[8]         ; word_out[11]    ; clock      ;
; N/A                                     ; None                                                ; 9.631 ns   ; cache_row_memory_unit:inst1|lpm_dff3:tag|lpm_ff:lpm_ff_component|dffs[3]         ; word_out[11]    ; clock      ;
; N/A                                     ; None                                                ; 9.599 ns   ; cache_row_memory_unit:inst1|lpm_dff7:dirty_boots|lpm_ff:lpm_ff_component|dffs[0] ; word_out[1]     ; clock      ;
; N/A                                     ; None                                                ; 9.595 ns   ; cache_row_memory_unit:inst1|lpm_dff3:tag|lpm_ff:lpm_ff_component|dffs[7]         ; word_out[11]    ; clock      ;
; N/A                                     ; None                                                ; 9.593 ns   ; cache_row_memory_unit:inst1|lpm_dff7:dirty_boots|lpm_ff:lpm_ff_component|dffs[0] ; word_out[13]    ; clock      ;
; N/A                                     ; None                                                ; 9.505 ns   ; cache_row_memory_unit:inst1|lpm_dff3:tag|lpm_ff:lpm_ff_component|dffs[9]         ; word_out[10]    ; clock      ;
; N/A                                     ; None                                                ; 9.503 ns   ; cache_row_memory_unit:inst1|lpm_dff3:tag|lpm_ff:lpm_ff_component|dffs[5]         ; word_out[11]    ; clock      ;
; N/A                                     ; None                                                ; 9.495 ns   ; cache_row_memory_unit:inst1|lpm_dff3:tag|lpm_ff:lpm_ff_component|dffs[4]         ; word_out[11]    ; clock      ;
; N/A                                     ; None                                                ; 9.468 ns   ; cache_row_memory_unit:inst1|lpm_dff3:tag|lpm_ff:lpm_ff_component|dffs[0]         ; word_out[10]    ; clock      ;
; N/A                                     ; None                                                ; 9.461 ns   ; cache_row_memory_unit:inst1|lpm_dff7:dirty_boots|lpm_ff:lpm_ff_component|dffs[0] ; word_out[5]     ; clock      ;
; N/A                                     ; None                                                ; 9.459 ns   ; cache_row_memory_unit:inst1|lpm_dff3:tag|lpm_ff:lpm_ff_component|dffs[6]         ; word_in_RAM[1]  ; clock      ;
; N/A                                     ; None                                                ; 9.459 ns   ; cache_row_memory_unit:inst1|lpm_dff3:tag|lpm_ff:lpm_ff_component|dffs[6]         ; word_in_RAM[7]  ; clock      ;
; N/A                                     ; None                                                ; 9.459 ns   ; cache_row_memory_unit:inst1|lpm_dff3:tag|lpm_ff:lpm_ff_component|dffs[6]         ; word_in_RAM[8]  ; clock      ;
; N/A                                     ; None                                                ; 9.438 ns   ; cache_row_memory_unit:inst1|lpm_dff7:dirty_boots|lpm_ff:lpm_ff_component|dffs[0] ; word_out[6]     ; clock      ;
; N/A                                     ; None                                                ; 9.379 ns   ; cache_row_memory_unit:inst1|lpm_dff7:dirty_boots|lpm_ff:lpm_ff_component|dffs[0] ; word_out[0]     ; clock      ;
; N/A                                     ; None                                                ; 9.357 ns   ; cache_row_memory_unit:inst1|lpm_dff7:dirty_boots|lpm_ff:lpm_ff_component|dffs[0] ; word_out[4]     ; clock      ;
; N/A                                     ; None                                                ; 9.350 ns   ; cache_row_memory_unit:inst1|lpm_dff3:tag|lpm_ff:lpm_ff_component|dffs[2]         ; word_out[11]    ; clock      ;
; N/A                                     ; None                                                ; 9.307 ns   ; cache_row_memory_unit:inst1|lpm_dff3:tag|lpm_ff:lpm_ff_component|dffs[9]         ; word_in_RAM[1]  ; clock      ;
; N/A                                     ; None                                                ; 9.307 ns   ; cache_row_memory_unit:inst1|lpm_dff3:tag|lpm_ff:lpm_ff_component|dffs[9]         ; word_in_RAM[7]  ; clock      ;
; N/A                                     ; None                                                ; 9.307 ns   ; cache_row_memory_unit:inst1|lpm_dff3:tag|lpm_ff:lpm_ff_component|dffs[9]         ; word_in_RAM[8]  ; clock      ;
; N/A                                     ; None                                                ; 9.301 ns   ; cache_row_memory_unit:inst1|lpm_dff3:tag|lpm_ff:lpm_ff_component|dffs[6]         ; word_out[7]     ; clock      ;
; N/A                                     ; None                                                ; 9.270 ns   ; cache_row_memory_unit:inst1|lpm_dff3:tag|lpm_ff:lpm_ff_component|dffs[0]         ; word_in_RAM[1]  ; clock      ;
; N/A                                     ; None                                                ; 9.270 ns   ; cache_row_memory_unit:inst1|lpm_dff3:tag|lpm_ff:lpm_ff_component|dffs[0]         ; word_in_RAM[7]  ; clock      ;
; N/A                                     ; None                                                ; 9.270 ns   ; cache_row_memory_unit:inst1|lpm_dff3:tag|lpm_ff:lpm_ff_component|dffs[0]         ; word_in_RAM[8]  ; clock      ;
; N/A                                     ; None                                                ; 9.238 ns   ; cache_row_memory_unit:inst1|lpm_dff3:tag|lpm_ff:lpm_ff_component|dffs[1]         ; word_out[11]    ; clock      ;
; N/A                                     ; None                                                ; 9.209 ns   ; cache_row_memory_unit:inst1|lpm_dff3:tag|lpm_ff:lpm_ff_component|dffs[6]         ; word_out[3]     ; clock      ;
; N/A                                     ; None                                                ; 9.182 ns   ; cache_row_memory_unit:inst1|lpm_dff3:tag|lpm_ff:lpm_ff_component|dffs[6]         ; word_in_RAM[5]  ; clock      ;
; N/A                                     ; None                                                ; 9.182 ns   ; cache_row_memory_unit:inst1|lpm_dff3:tag|lpm_ff:lpm_ff_component|dffs[6]         ; word_in_RAM[13] ; clock      ;
; N/A                                     ; None                                                ; 9.153 ns   ; cache_row_memory_unit:inst1|lpm_dff7:dirty_boots|lpm_ff:lpm_ff_component|dffs[0] ; word_out[2]     ; clock      ;
; N/A                                     ; None                                                ; 9.149 ns   ; cache_row_memory_unit:inst1|lpm_dff3:tag|lpm_ff:lpm_ff_component|dffs[9]         ; word_out[7]     ; clock      ;
; N/A                                     ; None                                                ; 9.144 ns   ; cache_row_memory_unit:inst1|lpm_dff3:tag|lpm_ff:lpm_ff_component|dffs[6]         ; word_in_RAM[10] ; clock      ;
; N/A                                     ; None                                                ; 9.139 ns   ; cache_row_memory_unit:inst1|lpm_dff3:tag|lpm_ff:lpm_ff_component|dffs[8]         ; word_out[10]    ; clock      ;
; N/A                                     ; None                                                ; 9.137 ns   ; cache_row_memory_unit:inst1|lpm_dff3:tag|lpm_ff:lpm_ff_component|dffs[3]         ; word_out[10]    ; clock      ;
; N/A                                     ; None                                                ; 9.128 ns   ; cache_row_memory_unit:inst1|lpm_dff7:dirty_boots|lpm_ff:lpm_ff_component|dffs[0] ; word_out[15]    ; clock      ;
; N/A                                     ; None                                                ; 9.112 ns   ; cache_row_memory_unit:inst1|lpm_dff3:tag|lpm_ff:lpm_ff_component|dffs[0]         ; word_out[7]     ; clock      ;
; N/A                                     ; None                                                ; 9.101 ns   ; cache_row_memory_unit:inst1|lpm_dff3:tag|lpm_ff:lpm_ff_component|dffs[7]         ; word_out[10]    ; clock      ;
; N/A                                     ; None                                                ; 9.098 ns   ; cache_row_memory_unit:inst1|lpm_dff3:tag|lpm_ff:lpm_ff_component|dffs[6]         ; word_out[9]     ; clock      ;
; N/A                                     ; None                                                ; 9.084 ns   ; cache_row_memory_unit:inst1|lpm_dff3:tag|lpm_ff:lpm_ff_component|dffs[6]         ; write_RAM       ; clock      ;
; N/A                                     ; None                                                ; 9.059 ns   ; cache_row_memory_unit:inst1|lpm_dff3:tag|lpm_ff:lpm_ff_component|dffs[6]         ; word_out[8]     ; clock      ;
; N/A                                     ; None                                                ; 9.057 ns   ; cache_row_memory_unit:inst1|lpm_dff3:tag|lpm_ff:lpm_ff_component|dffs[9]         ; word_out[3]     ; clock      ;
; N/A                                     ; None                                                ; 9.037 ns   ; cache_row_memory_unit:inst1|lpm_dff7:dirty_boots|lpm_ff:lpm_ff_component|dffs[0] ; word_out[14]    ; clock      ;
; N/A                                     ; None                                                ; 9.034 ns   ; cache_row_memory_unit:inst1|lpm_dff7:valid_fl|lpm_ff:lpm_ff_component|dffs[0]    ; word_out[11]    ; clock      ;
; N/A                                     ; None                                                ; 9.030 ns   ; cache_row_memory_unit:inst1|lpm_dff3:tag|lpm_ff:lpm_ff_component|dffs[9]         ; word_in_RAM[5]  ; clock      ;
; N/A                                     ; None                                                ; 9.030 ns   ; cache_row_memory_unit:inst1|lpm_dff3:tag|lpm_ff:lpm_ff_component|dffs[9]         ; word_in_RAM[13] ; clock      ;
; N/A                                     ; None                                                ; 9.020 ns   ; cache_row_memory_unit:inst1|lpm_dff3:tag|lpm_ff:lpm_ff_component|dffs[0]         ; word_out[3]     ; clock      ;
; N/A                                     ; None                                                ; 9.020 ns   ; cache_row_memory_unit:inst1|lpm_dff3:tag|lpm_ff:lpm_ff_component|dffs[6]         ; word_in_RAM[4]  ; clock      ;
; N/A                                     ; None                                                ; 9.015 ns   ; cache_row_memory_unit:inst1|lpm_dff7:valid_fl|lpm_ff:lpm_ff_component|dffs[0]    ; word_out[10]    ; clock      ;
; N/A                                     ; None                                                ; 9.010 ns   ; cache_row_memory_unit:inst1|lpm_dff3:tag|lpm_ff:lpm_ff_component|dffs[6]         ; word_in_RAM[2]  ; clock      ;
; N/A                                     ; None                                                ; 9.009 ns   ; cache_row_memory_unit:inst1|lpm_dff3:tag|lpm_ff:lpm_ff_component|dffs[5]         ; word_out[10]    ; clock      ;
; N/A                                     ; None                                                ; 9.001 ns   ; cache_row_memory_unit:inst1|lpm_dff3:tag|lpm_ff:lpm_ff_component|dffs[4]         ; word_out[10]    ; clock      ;
; N/A                                     ; None                                                ; 8.993 ns   ; cache_row_memory_unit:inst1|lpm_dff3:tag|lpm_ff:lpm_ff_component|dffs[0]         ; word_in_RAM[5]  ; clock      ;
; N/A                                     ; None                                                ; 8.993 ns   ; cache_row_memory_unit:inst1|lpm_dff3:tag|lpm_ff:lpm_ff_component|dffs[0]         ; word_in_RAM[13] ; clock      ;
; N/A                                     ; None                                                ; 8.992 ns   ; cache_row_memory_unit:inst1|lpm_dff3:tag|lpm_ff:lpm_ff_component|dffs[9]         ; word_in_RAM[10] ; clock      ;
; N/A                                     ; None                                                ; 8.976 ns   ; cache_row_memory_unit:inst1|lpm_dff3:tag|lpm_ff:lpm_ff_component|dffs[6]         ; word_in_RAM[11] ; clock      ;
; N/A                                     ; None                                                ; 8.955 ns   ; cache_row_memory_unit:inst1|lpm_dff3:tag|lpm_ff:lpm_ff_component|dffs[0]         ; word_in_RAM[10] ; clock      ;
; N/A                                     ; None                                                ; 8.946 ns   ; cache_row_memory_unit:inst1|lpm_dff3:tag|lpm_ff:lpm_ff_component|dffs[9]         ; word_out[9]     ; clock      ;
; N/A                                     ; None                                                ; 8.941 ns   ; cache_row_memory_unit:inst1|lpm_dff3:tag|lpm_ff:lpm_ff_component|dffs[6]         ; word_out[12]    ; clock      ;
; N/A                                     ; None                                                ; 8.941 ns   ; cache_row_memory_unit:inst1|lpm_dff3:tag|lpm_ff:lpm_ff_component|dffs[8]         ; word_in_RAM[1]  ; clock      ;
; N/A                                     ; None                                                ; 8.941 ns   ; cache_row_memory_unit:inst1|lpm_dff3:tag|lpm_ff:lpm_ff_component|dffs[8]         ; word_in_RAM[7]  ; clock      ;
; N/A                                     ; None                                                ; 8.941 ns   ; cache_row_memory_unit:inst1|lpm_dff3:tag|lpm_ff:lpm_ff_component|dffs[8]         ; word_in_RAM[8]  ; clock      ;
; N/A                                     ; None                                                ; 8.939 ns   ; cache_row_memory_unit:inst1|lpm_dff3:tag|lpm_ff:lpm_ff_component|dffs[3]         ; word_in_RAM[1]  ; clock      ;
; N/A                                     ; None                                                ; 8.939 ns   ; cache_row_memory_unit:inst1|lpm_dff3:tag|lpm_ff:lpm_ff_component|dffs[3]         ; word_in_RAM[7]  ; clock      ;
; N/A                                     ; None                                                ; 8.939 ns   ; cache_row_memory_unit:inst1|lpm_dff3:tag|lpm_ff:lpm_ff_component|dffs[3]         ; word_in_RAM[8]  ; clock      ;
; N/A                                     ; None                                                ; 8.932 ns   ; cache_row_memory_unit:inst1|lpm_dff3:tag|lpm_ff:lpm_ff_component|dffs[9]         ; write_RAM       ; clock      ;
; N/A                                     ; None                                                ; 8.909 ns   ; cache_row_memory_unit:inst1|lpm_dff3:tag|lpm_ff:lpm_ff_component|dffs[0]         ; word_out[9]     ; clock      ;
; N/A                                     ; None                                                ; 8.907 ns   ; cache_row_memory_unit:inst1|lpm_dff3:tag|lpm_ff:lpm_ff_component|dffs[9]         ; word_out[8]     ; clock      ;
; N/A                                     ; None                                                ; 8.903 ns   ; cache_row_memory_unit:inst1|lpm_dff3:tag|lpm_ff:lpm_ff_component|dffs[7]         ; word_in_RAM[1]  ; clock      ;
; N/A                                     ; None                                                ; 8.903 ns   ; cache_row_memory_unit:inst1|lpm_dff3:tag|lpm_ff:lpm_ff_component|dffs[7]         ; word_in_RAM[7]  ; clock      ;
; N/A                                     ; None                                                ; 8.903 ns   ; cache_row_memory_unit:inst1|lpm_dff3:tag|lpm_ff:lpm_ff_component|dffs[7]         ; word_in_RAM[8]  ; clock      ;
; N/A                                     ; None                                                ; 8.895 ns   ; cache_row_memory_unit:inst1|lpm_dff3:tag|lpm_ff:lpm_ff_component|dffs[0]         ; write_RAM       ; clock      ;
; N/A                                     ; None                                                ; 8.892 ns   ; cache_row_memory_unit:inst1|lpm_dff3:tag|lpm_ff:lpm_ff_component|dffs[6]         ; word_out[1]     ; clock      ;
; N/A                                     ; None                                                ; 8.886 ns   ; cache_row_memory_unit:inst1|lpm_dff3:tag|lpm_ff:lpm_ff_component|dffs[6]         ; word_out[13]    ; clock      ;
; N/A                                     ; None                                                ; 8.870 ns   ; cache_row_memory_unit:inst1|lpm_dff3:tag|lpm_ff:lpm_ff_component|dffs[0]         ; word_out[8]     ; clock      ;
; N/A                                     ; None                                                ; 8.868 ns   ; cache_row_memory_unit:inst1|lpm_dff3:tag|lpm_ff:lpm_ff_component|dffs[9]         ; word_in_RAM[4]  ; clock      ;
; N/A                                     ; None                                                ; 8.858 ns   ; cache_row_memory_unit:inst1|lpm_dff3:tag|lpm_ff:lpm_ff_component|dffs[9]         ; word_in_RAM[2]  ; clock      ;
; N/A                                     ; None                                                ; 8.856 ns   ; cache_row_memory_unit:inst1|lpm_dff3:tag|lpm_ff:lpm_ff_component|dffs[2]         ; word_out[10]    ; clock      ;
; N/A                                     ; None                                                ; 8.847 ns   ; cache_row_memory_unit:inst1|lpm_dff3:tag|lpm_ff:lpm_ff_component|dffs[6]         ; word_in_RAM[9]  ; clock      ;
; N/A                                     ; None                                                ; 8.831 ns   ; cache_row_memory_unit:inst1|lpm_dff3:tag|lpm_ff:lpm_ff_component|dffs[0]         ; word_in_RAM[4]  ; clock      ;
; N/A                                     ; None                                                ; 8.824 ns   ; cache_row_memory_unit:inst1|lpm_dff3:tag|lpm_ff:lpm_ff_component|dffs[9]         ; word_in_RAM[11] ; clock      ;
; N/A                                     ; None                                                ; 8.821 ns   ; cache_row_memory_unit:inst1|lpm_dff3:tag|lpm_ff:lpm_ff_component|dffs[0]         ; word_in_RAM[2]  ; clock      ;
; N/A                                     ; None                                                ; 8.811 ns   ; cache_row_memory_unit:inst1|lpm_dff3:tag|lpm_ff:lpm_ff_component|dffs[5]         ; word_in_RAM[1]  ; clock      ;
; N/A                                     ; None                                                ; 8.811 ns   ; cache_row_memory_unit:inst1|lpm_dff3:tag|lpm_ff:lpm_ff_component|dffs[5]         ; word_in_RAM[7]  ; clock      ;
; N/A                                     ; None                                                ; 8.811 ns   ; cache_row_memory_unit:inst1|lpm_dff3:tag|lpm_ff:lpm_ff_component|dffs[5]         ; word_in_RAM[8]  ; clock      ;
; N/A                                     ; None                                                ; 8.803 ns   ; cache_row_memory_unit:inst1|lpm_dff3:tag|lpm_ff:lpm_ff_component|dffs[4]         ; word_in_RAM[1]  ; clock      ;
; N/A                                     ; None                                                ; 8.803 ns   ; cache_row_memory_unit:inst1|lpm_dff3:tag|lpm_ff:lpm_ff_component|dffs[4]         ; word_in_RAM[7]  ; clock      ;
; N/A                                     ; None                                                ; 8.803 ns   ; cache_row_memory_unit:inst1|lpm_dff3:tag|lpm_ff:lpm_ff_component|dffs[4]         ; word_in_RAM[8]  ; clock      ;
; N/A                                     ; None                                                ; 8.789 ns   ; cache_row_memory_unit:inst1|lpm_dff3:tag|lpm_ff:lpm_ff_component|dffs[9]         ; word_out[12]    ; clock      ;
; N/A                                     ; None                                                ; 8.787 ns   ; cache_row_memory_unit:inst1|lpm_dff3:tag|lpm_ff:lpm_ff_component|dffs[0]         ; word_in_RAM[11] ; clock      ;
; N/A                                     ; None                                                ; 8.783 ns   ; cache_row_memory_unit:inst1|lpm_dff3:tag|lpm_ff:lpm_ff_component|dffs[8]         ; word_out[7]     ; clock      ;
; N/A                                     ; None                                                ; 8.781 ns   ; cache_row_memory_unit:inst1|lpm_dff3:tag|lpm_ff:lpm_ff_component|dffs[3]         ; word_out[7]     ; clock      ;
; N/A                                     ; None                                                ; 8.754 ns   ; cache_row_memory_unit:inst1|lpm_dff3:tag|lpm_ff:lpm_ff_component|dffs[6]         ; word_out[5]     ; clock      ;
; N/A                                     ; None                                                ; 8.752 ns   ; cache_row_memory_unit:inst1|lpm_dff3:tag|lpm_ff:lpm_ff_component|dffs[0]         ; word_out[12]    ; clock      ;
; N/A                                     ; None                                                ; 8.745 ns   ; cache_row_memory_unit:inst1|lpm_dff3:tag|lpm_ff:lpm_ff_component|dffs[7]         ; word_out[7]     ; clock      ;
; N/A                                     ; None                                                ; 8.744 ns   ; cache_row_memory_unit:inst1|lpm_dff3:tag|lpm_ff:lpm_ff_component|dffs[1]         ; word_out[10]    ; clock      ;
; N/A                                     ; None                                                ; 8.740 ns   ; cache_row_memory_unit:inst1|lpm_dff3:tag|lpm_ff:lpm_ff_component|dffs[9]         ; word_out[1]     ; clock      ;
; N/A                                     ; None                                                ; 8.734 ns   ; cache_row_memory_unit:inst1|lpm_dff3:tag|lpm_ff:lpm_ff_component|dffs[9]         ; word_out[13]    ; clock      ;
; N/A                                     ; None                                                ; 8.731 ns   ; cache_row_memory_unit:inst1|lpm_dff3:tag|lpm_ff:lpm_ff_component|dffs[6]         ; word_out[6]     ; clock      ;
; N/A                                     ; None                                                ; 8.703 ns   ; cache_row_memory_unit:inst1|lpm_dff3:tag|lpm_ff:lpm_ff_component|dffs[0]         ; word_out[1]     ; clock      ;
; N/A                                     ; None                                                ; 8.702 ns   ; cache_row_memory_unit:inst1|lpm_dff3:tag|lpm_ff:lpm_ff_component|dffs[6]         ; word_in_RAM[6]  ; clock      ;
; N/A                                     ; None                                                ; 8.697 ns   ; cache_row_memory_unit:inst1|lpm_dff3:tag|lpm_ff:lpm_ff_component|dffs[0]         ; word_out[13]    ; clock      ;
; N/A                                     ; None                                                ; 8.696 ns   ; cache_row_memory_unit:inst1|lpm_dff3:tag|lpm_ff:lpm_ff_component|dffs[6]         ; word_in_RAM[12] ; clock      ;
; N/A                                     ; None                                                ; 8.695 ns   ; cache_row_memory_unit:inst1|lpm_dff3:tag|lpm_ff:lpm_ff_component|dffs[9]         ; word_in_RAM[9]  ; clock      ;
; N/A                                     ; None                                                ; 8.691 ns   ; cache_row_memory_unit:inst1|lpm_dff3:tag|lpm_ff:lpm_ff_component|dffs[8]         ; word_out[3]     ; clock      ;
; N/A                                     ; None                                                ; 8.689 ns   ; cache_row_memory_unit:inst1|lpm_dff3:tag|lpm_ff:lpm_ff_component|dffs[3]         ; word_out[3]     ; clock      ;
; N/A                                     ; None                                                ; 8.672 ns   ; cache_row_memory_unit:inst1|lpm_dff3:tag|lpm_ff:lpm_ff_component|dffs[6]         ; word_out[0]     ; clock      ;
; N/A                                     ; None                                                ; 8.664 ns   ; cache_row_memory_unit:inst1|lpm_dff3:tag|lpm_ff:lpm_ff_component|dffs[8]         ; word_in_RAM[5]  ; clock      ;
; N/A                                     ; None                                                ; 8.664 ns   ; cache_row_memory_unit:inst1|lpm_dff3:tag|lpm_ff:lpm_ff_component|dffs[8]         ; word_in_RAM[13] ; clock      ;
; N/A                                     ; None                                                ; 8.662 ns   ; cache_row_memory_unit:inst1|lpm_dff3:tag|lpm_ff:lpm_ff_component|dffs[3]         ; word_in_RAM[5]  ; clock      ;
; N/A                                     ; None                                                ; 8.662 ns   ; cache_row_memory_unit:inst1|lpm_dff3:tag|lpm_ff:lpm_ff_component|dffs[3]         ; word_in_RAM[13] ; clock      ;
; N/A                                     ; None                                                ; 8.658 ns   ; cache_row_memory_unit:inst1|lpm_dff3:tag|lpm_ff:lpm_ff_component|dffs[2]         ; word_in_RAM[1]  ; clock      ;
; N/A                                     ; None                                                ; 8.658 ns   ; cache_row_memory_unit:inst1|lpm_dff3:tag|lpm_ff:lpm_ff_component|dffs[2]         ; word_in_RAM[7]  ; clock      ;
; N/A                                     ; None                                                ; 8.658 ns   ; cache_row_memory_unit:inst1|lpm_dff3:tag|lpm_ff:lpm_ff_component|dffs[2]         ; word_in_RAM[8]  ; clock      ;
; N/A                                     ; None                                                ; 8.658 ns   ; cache_row_memory_unit:inst1|lpm_dff3:tag|lpm_ff:lpm_ff_component|dffs[0]         ; word_in_RAM[9]  ; clock      ;
; N/A                                     ; None                                                ; 8.653 ns   ; cache_row_memory_unit:inst1|lpm_dff3:tag|lpm_ff:lpm_ff_component|dffs[7]         ; word_out[3]     ; clock      ;
; N/A                                     ; None                                                ; 8.653 ns   ; cache_row_memory_unit:inst1|lpm_dff3:tag|lpm_ff:lpm_ff_component|dffs[5]         ; word_out[7]     ; clock      ;
; N/A                                     ; None                                                ; 8.652 ns   ; cache_row_memory_unit:inst1|lpm_dff7:valid_fl|lpm_ff:lpm_ff_component|dffs[0]    ; word_out[7]     ; clock      ;
; N/A                                     ; None                                                ; 8.650 ns   ; cache_row_memory_unit:inst1|lpm_dff3:tag|lpm_ff:lpm_ff_component|dffs[6]         ; word_out[4]     ; clock      ;
; N/A                                     ; None                                                ; 8.645 ns   ; cache_row_memory_unit:inst1|lpm_dff3:tag|lpm_ff:lpm_ff_component|dffs[4]         ; word_out[7]     ; clock      ;
; N/A                                     ; None                                                ; 8.626 ns   ; cache_row_memory_unit:inst1|lpm_dff3:tag|lpm_ff:lpm_ff_component|dffs[7]         ; word_in_RAM[5]  ; clock      ;
; N/A                                     ; None                                                ; 8.626 ns   ; cache_row_memory_unit:inst1|lpm_dff3:tag|lpm_ff:lpm_ff_component|dffs[8]         ; word_in_RAM[10] ; clock      ;
; N/A                                     ; None                                                ; 8.626 ns   ; cache_row_memory_unit:inst1|lpm_dff3:tag|lpm_ff:lpm_ff_component|dffs[7]         ; word_in_RAM[13] ; clock      ;
; N/A                                     ; None                                                ; 8.624 ns   ; cache_row_memory_unit:inst1|lpm_dff3:tag|lpm_ff:lpm_ff_component|dffs[3]         ; word_in_RAM[10] ; clock      ;
; N/A                                     ; None                                                ; 8.602 ns   ; cache_row_memory_unit:inst1|lpm_dff3:tag|lpm_ff:lpm_ff_component|dffs[9]         ; word_out[5]     ; clock      ;
; N/A                                     ; None                                                ; 8.588 ns   ; cache_row_memory_unit:inst1|lpm_dff3:tag|lpm_ff:lpm_ff_component|dffs[7]         ; word_in_RAM[10] ; clock      ;
; N/A                                     ; None                                                ; 8.580 ns   ; cache_row_memory_unit:inst1|lpm_dff3:tag|lpm_ff:lpm_ff_component|dffs[8]         ; word_out[9]     ; clock      ;
; N/A                                     ; None                                                ; 8.579 ns   ; cache_row_memory_unit:inst1|lpm_dff3:tag|lpm_ff:lpm_ff_component|dffs[9]         ; word_out[6]     ; clock      ;
; N/A                                     ; None                                                ; 8.578 ns   ; cache_row_memory_unit:inst1|lpm_dff3:tag|lpm_ff:lpm_ff_component|dffs[3]         ; word_out[9]     ; clock      ;
; N/A                                     ; None                                                ; 8.566 ns   ; cache_row_memory_unit:inst1|lpm_dff3:tag|lpm_ff:lpm_ff_component|dffs[8]         ; write_RAM       ; clock      ;
; N/A                                     ; None                                                ; 8.565 ns   ; cache_row_memory_unit:inst1|lpm_dff3:tag|lpm_ff:lpm_ff_component|dffs[0]         ; word_out[5]     ; clock      ;
; N/A                                     ; None                                                ; 8.564 ns   ; cache_row_memory_unit:inst1|lpm_dff3:tag|lpm_ff:lpm_ff_component|dffs[3]         ; write_RAM       ; clock      ;
; N/A                                     ; None                                                ; 8.561 ns   ; cache_row_memory_unit:inst1|lpm_dff3:tag|lpm_ff:lpm_ff_component|dffs[5]         ; word_out[3]     ; clock      ;
; N/A                                     ; None                                                ; 8.553 ns   ; cache_row_memory_unit:inst1|lpm_dff7:valid_fl|lpm_ff:lpm_ff_component|dffs[0]    ; word_out[3]     ; clock      ;
; N/A                                     ; None                                                ; 8.553 ns   ; cache_row_memory_unit:inst1|lpm_dff3:tag|lpm_ff:lpm_ff_component|dffs[4]         ; word_out[3]     ; clock      ;
; N/A                                     ; None                                                ; 8.550 ns   ; cache_row_memory_unit:inst1|lpm_dff3:tag|lpm_ff:lpm_ff_component|dffs[9]         ; word_in_RAM[6]  ; clock      ;
; N/A                                     ; None                                                ; 8.546 ns   ; cache_row_memory_unit:inst1|lpm_dff3:tag|lpm_ff:lpm_ff_component|dffs[1]         ; word_in_RAM[1]  ; clock      ;
; N/A                                     ; None                                                ; 8.546 ns   ; cache_row_memory_unit:inst1|lpm_dff3:tag|lpm_ff:lpm_ff_component|dffs[1]         ; word_in_RAM[7]  ; clock      ;
; N/A                                     ; None                                                ; 8.546 ns   ; cache_row_memory_unit:inst1|lpm_dff3:tag|lpm_ff:lpm_ff_component|dffs[1]         ; word_in_RAM[8]  ; clock      ;
; N/A                                     ; None                                                ; 8.544 ns   ; cache_row_memory_unit:inst1|lpm_dff3:tag|lpm_ff:lpm_ff_component|dffs[9]         ; word_in_RAM[12] ; clock      ;
; N/A                                     ; None                                                ; 8.542 ns   ; cache_row_memory_unit:inst1|lpm_dff3:tag|lpm_ff:lpm_ff_component|dffs[0]         ; word_out[6]     ; clock      ;
; N/A                                     ; None                                                ; 8.542 ns   ; cache_row_memory_unit:inst1|lpm_dff3:tag|lpm_ff:lpm_ff_component|dffs[7]         ; word_out[9]     ; clock      ;
; N/A                                     ; None                                                ; 8.541 ns   ; cache_row_memory_unit:inst1|lpm_dff3:tag|lpm_ff:lpm_ff_component|dffs[8]         ; word_out[8]     ; clock      ;
; N/A                                     ; None                                                ; 8.539 ns   ; cache_row_memory_unit:inst1|lpm_dff3:tag|lpm_ff:lpm_ff_component|dffs[3]         ; word_out[8]     ; clock      ;
; N/A                                     ; None                                                ; 8.534 ns   ; cache_row_memory_unit:inst1|lpm_dff3:tag|lpm_ff:lpm_ff_component|dffs[5]         ; word_in_RAM[5]  ; clock      ;
; N/A                                     ; None                                                ; 8.534 ns   ; cache_row_memory_unit:inst1|lpm_dff3:tag|lpm_ff:lpm_ff_component|dffs[5]         ; word_in_RAM[13] ; clock      ;
; N/A                                     ; None                                                ; 8.528 ns   ; cache_row_memory_unit:inst1|lpm_dff3:tag|lpm_ff:lpm_ff_component|dffs[7]         ; write_RAM       ; clock      ;
; N/A                                     ; None                                                ; 8.526 ns   ; cache_row_memory_unit:inst1|lpm_dff3:tag|lpm_ff:lpm_ff_component|dffs[4]         ; word_in_RAM[5]  ; clock      ;
; N/A                                     ; None                                                ; 8.526 ns   ; cache_row_memory_unit:inst1|lpm_dff3:tag|lpm_ff:lpm_ff_component|dffs[4]         ; word_in_RAM[13] ; clock      ;
; N/A                                     ; None                                                ; 8.520 ns   ; cache_row_memory_unit:inst1|lpm_dff3:tag|lpm_ff:lpm_ff_component|dffs[9]         ; word_out[0]     ; clock      ;
; N/A                                     ; None                                                ; 8.513 ns   ; cache_row_memory_unit:inst1|lpm_dff3:tag|lpm_ff:lpm_ff_component|dffs[0]         ; word_in_RAM[6]  ; clock      ;
; N/A                                     ; None                                                ; 8.507 ns   ; cache_row_memory_unit:inst1|lpm_dff3:tag|lpm_ff:lpm_ff_component|dffs[0]         ; word_in_RAM[12] ; clock      ;
; N/A                                     ; None                                                ; 8.503 ns   ; cache_row_memory_unit:inst1|lpm_dff3:tag|lpm_ff:lpm_ff_component|dffs[7]         ; word_out[8]     ; clock      ;
; N/A                                     ; None                                                ; 8.502 ns   ; cache_row_memory_unit:inst1|lpm_dff3:tag|lpm_ff:lpm_ff_component|dffs[8]         ; word_in_RAM[4]  ; clock      ;
; N/A                                     ; None                                                ; 8.500 ns   ; cache_row_memory_unit:inst1|lpm_dff3:tag|lpm_ff:lpm_ff_component|dffs[2]         ; word_out[7]     ; clock      ;
; N/A                                     ; None                                                ; 8.500 ns   ; cache_row_memory_unit:inst1|lpm_dff3:tag|lpm_ff:lpm_ff_component|dffs[3]         ; word_in_RAM[4]  ; clock      ;
; N/A                                     ; None                                                ; 8.498 ns   ; cache_row_memory_unit:inst1|lpm_dff3:tag|lpm_ff:lpm_ff_component|dffs[9]         ; word_out[4]     ; clock      ;
; N/A                                     ; None                                                ; 8.496 ns   ; cache_row_memory_unit:inst1|lpm_dff3:tag|lpm_ff:lpm_ff_component|dffs[5]         ; word_in_RAM[10] ; clock      ;
; N/A                                     ; None                                                ; 8.492 ns   ; cache_row_memory_unit:inst1|lpm_dff3:tag|lpm_ff:lpm_ff_component|dffs[8]         ; word_in_RAM[2]  ; clock      ;
; N/A                                     ; None                                                ; 8.490 ns   ; cache_row_memory_unit:inst1|lpm_dff3:tag|lpm_ff:lpm_ff_component|dffs[3]         ; word_in_RAM[2]  ; clock      ;
; N/A                                     ; None                                                ; 8.488 ns   ; cache_row_memory_unit:inst1|lpm_dff3:tag|lpm_ff:lpm_ff_component|dffs[4]         ; word_in_RAM[10] ; clock      ;
; N/A                                     ; None                                                ; 8.483 ns   ; cache_row_memory_unit:inst1|lpm_dff3:tag|lpm_ff:lpm_ff_component|dffs[0]         ; word_out[0]     ; clock      ;
; N/A                                     ; None                                                ; 8.464 ns   ; cache_row_memory_unit:inst1|lpm_dff3:tag|lpm_ff:lpm_ff_component|dffs[7]         ; word_in_RAM[4]  ; clock      ;
; N/A                                     ; None                                                ; 8.461 ns   ; cache_row_memory_unit:inst1|lpm_dff3:tag|lpm_ff:lpm_ff_component|dffs[0]         ; word_out[4]     ; clock      ;
; N/A                                     ; None                                                ; 8.458 ns   ; cache_row_memory_unit:inst1|lpm_dff3:tag|lpm_ff:lpm_ff_component|dffs[8]         ; word_in_RAM[11] ; clock      ;
; N/A                                     ; None                                                ; 8.456 ns   ; cache_row_memory_unit:inst1|lpm_dff3:tag|lpm_ff:lpm_ff_component|dffs[3]         ; word_in_RAM[11] ; clock      ;
; N/A                                     ; None                                                ; 8.454 ns   ; cache_row_memory_unit:inst1|lpm_dff3:tag|lpm_ff:lpm_ff_component|dffs[7]         ; word_in_RAM[2]  ; clock      ;
; N/A                                     ; None                                                ; 8.450 ns   ; cache_row_memory_unit:inst1|lpm_dff3:tag|lpm_ff:lpm_ff_component|dffs[5]         ; word_out[9]     ; clock      ;
; N/A                                     ; None                                                ; 8.446 ns   ; cache_row_memory_unit:inst1|lpm_dff3:tag|lpm_ff:lpm_ff_component|dffs[6]         ; word_out[2]     ; clock      ;
; N/A                                     ; None                                                ; 8.442 ns   ; cache_row_memory_unit:inst1|lpm_dff3:tag|lpm_ff:lpm_ff_component|dffs[4]         ; word_out[9]     ; clock      ;
; N/A                                     ; None                                                ; 8.436 ns   ; cache_row_memory_unit:inst1|lpm_dff3:tag|lpm_ff:lpm_ff_component|dffs[5]         ; write_RAM       ; clock      ;
; N/A                                     ; None                                                ; 8.428 ns   ; cache_row_memory_unit:inst1|lpm_dff3:tag|lpm_ff:lpm_ff_component|dffs[4]         ; write_RAM       ; clock      ;
; N/A                                     ; None                                                ; 8.423 ns   ; cache_row_memory_unit:inst1|lpm_dff3:tag|lpm_ff:lpm_ff_component|dffs[8]         ; word_out[12]    ; clock      ;
; N/A                                     ; None                                                ; 8.421 ns   ; cache_row_memory_unit:inst1|lpm_dff3:tag|lpm_ff:lpm_ff_component|dffs[3]         ; word_out[12]    ; clock      ;
; N/A                                     ; None                                                ; 8.421 ns   ; cache_row_memory_unit:inst1|lpm_dff3:tag|lpm_ff:lpm_ff_component|dffs[6]         ; word_out[15]    ; clock      ;
; N/A                                     ; None                                                ; 8.420 ns   ; cache_row_memory_unit:inst1|lpm_dff3:tag|lpm_ff:lpm_ff_component|dffs[7]         ; word_in_RAM[11] ; clock      ;
; N/A                                     ; None                                                ; 8.411 ns   ; cache_row_memory_unit:inst1|lpm_dff3:tag|lpm_ff:lpm_ff_component|dffs[5]         ; word_out[8]     ; clock      ;
; N/A                                     ; None                                                ; 8.408 ns   ; cache_row_memory_unit:inst1|lpm_dff3:tag|lpm_ff:lpm_ff_component|dffs[2]         ; word_out[3]     ; clock      ;
; N/A                                     ; None                                                ; 8.403 ns   ; cache_row_memory_unit:inst1|lpm_dff3:tag|lpm_ff:lpm_ff_component|dffs[4]         ; word_out[8]     ; clock      ;
; N/A                                     ; None                                                ; 8.388 ns   ; cache_row_memory_unit:inst1|lpm_dff3:tag|lpm_ff:lpm_ff_component|dffs[1]         ; word_out[7]     ; clock      ;
; N/A                                     ; None                                                ; 8.385 ns   ; cache_row_memory_unit:inst1|lpm_dff3:tag|lpm_ff:lpm_ff_component|dffs[7]         ; word_out[12]    ; clock      ;
; N/A                                     ; None                                                ; 8.381 ns   ; cache_row_memory_unit:inst1|lpm_dff3:tag|lpm_ff:lpm_ff_component|dffs[2]         ; word_in_RAM[5]  ; clock      ;
; N/A                                     ; None                                                ; 8.381 ns   ; cache_row_memory_unit:inst1|lpm_dff3:tag|lpm_ff:lpm_ff_component|dffs[2]         ; word_in_RAM[13] ; clock      ;
; N/A                                     ; None                                                ; 8.374 ns   ; cache_row_memory_unit:inst1|lpm_dff3:tag|lpm_ff:lpm_ff_component|dffs[8]         ; word_out[1]     ; clock      ;
; N/A                                     ; None                                                ; 8.372 ns   ; cache_row_memory_unit:inst1|lpm_dff3:tag|lpm_ff:lpm_ff_component|dffs[3]         ; word_out[1]     ; clock      ;
; N/A                                     ; None                                                ; 8.372 ns   ; cache_row_memory_unit:inst1|lpm_dff3:tag|lpm_ff:lpm_ff_component|dffs[5]         ; word_in_RAM[4]  ; clock      ;
; N/A                                     ; None                                                ; 8.368 ns   ; cache_row_memory_unit:inst1|lpm_dff3:tag|lpm_ff:lpm_ff_component|dffs[8]         ; word_out[13]    ; clock      ;
; N/A                                     ; None                                                ; 8.366 ns   ; cache_row_memory_unit:inst1|lpm_dff3:tag|lpm_ff:lpm_ff_component|dffs[3]         ; word_out[13]    ; clock      ;
; N/A                                     ; None                                                ; 8.364 ns   ; cache_row_memory_unit:inst1|lpm_dff3:tag|lpm_ff:lpm_ff_component|dffs[4]         ; word_in_RAM[4]  ; clock      ;
; N/A                                     ; None                                                ; 8.362 ns   ; cache_row_memory_unit:inst1|lpm_dff3:tag|lpm_ff:lpm_ff_component|dffs[5]         ; word_in_RAM[2]  ; clock      ;
; N/A                                     ; None                                                ; 8.359 ns   ; cache_row_memory_unit:inst1|lpm_dff3:tag|lpm_ff:lpm_ff_component|dffs[6]         ; word_in_RAM[15] ; clock      ;
; Timing analysis restricted to 200 rows. ; To change the limit use Settings (Assignments menu) ;            ;                                                                                  ;                 ;            ;
+-----------------------------------------+-----------------------------------------------------+------------+----------------------------------------------------------------------------------+-----------------+------------+


+----------------------------------------------------------------------------------------------------------------------------------------------+
; tpd                                                                                                                                          ;
+-----------------------------------------+-----------------------------------------------------+-----------------+----------+-----------------+
; Slack                                   ; Required P2P Time                                   ; Actual P2P Time ; From     ; To              ;
+-----------------------------------------+-----------------------------------------------------+-----------------+----------+-----------------+
; N/A                                     ; None                                                ; 13.383 ns       ; rind[0]  ; word_out[11]    ;
; N/A                                     ; None                                                ; 13.303 ns       ; addr[3]  ; word_out[11]    ;
; N/A                                     ; None                                                ; 13.242 ns       ; rind[3]  ; word_out[11]    ;
; N/A                                     ; None                                                ; 13.161 ns       ; addr[4]  ; word_out[11]    ;
; N/A                                     ; None                                                ; 13.129 ns       ; addr[2]  ; word_out[11]    ;
; N/A                                     ; None                                                ; 13.074 ns       ; rind[1]  ; word_out[11]    ;
; N/A                                     ; None                                                ; 13.048 ns       ; addr[5]  ; word_out[11]    ;
; N/A                                     ; None                                                ; 13.019 ns       ; rind[2]  ; word_out[11]    ;
; N/A                                     ; None                                                ; 12.889 ns       ; rind[0]  ; word_out[10]    ;
; N/A                                     ; None                                                ; 12.809 ns       ; addr[3]  ; word_out[10]    ;
; N/A                                     ; None                                                ; 12.748 ns       ; rind[3]  ; word_out[10]    ;
; N/A                                     ; None                                                ; 12.667 ns       ; addr[4]  ; word_out[10]    ;
; N/A                                     ; None                                                ; 12.635 ns       ; addr[2]  ; word_out[10]    ;
; N/A                                     ; None                                                ; 12.580 ns       ; rind[1]  ; word_out[10]    ;
; N/A                                     ; None                                                ; 12.554 ns       ; addr[5]  ; word_out[10]    ;
; N/A                                     ; None                                                ; 12.533 ns       ; rind[0]  ; word_out[7]     ;
; N/A                                     ; None                                                ; 12.525 ns       ; rind[2]  ; word_out[10]    ;
; N/A                                     ; None                                                ; 12.484 ns       ; rind[0]  ; word_in_RAM[1]  ;
; N/A                                     ; None                                                ; 12.484 ns       ; rind[0]  ; word_in_RAM[7]  ;
; N/A                                     ; None                                                ; 12.484 ns       ; rind[0]  ; word_in_RAM[8]  ;
; N/A                                     ; None                                                ; 12.475 ns       ; rind[3]  ; word_in_RAM[1]  ;
; N/A                                     ; None                                                ; 12.475 ns       ; rind[3]  ; word_in_RAM[7]  ;
; N/A                                     ; None                                                ; 12.475 ns       ; rind[3]  ; word_in_RAM[8]  ;
; N/A                                     ; None                                                ; 12.453 ns       ; addr[3]  ; word_out[7]     ;
; N/A                                     ; None                                                ; 12.441 ns       ; rind[0]  ; word_out[3]     ;
; N/A                                     ; None                                                ; 12.394 ns       ; addr[4]  ; word_in_RAM[1]  ;
; N/A                                     ; None                                                ; 12.394 ns       ; addr[4]  ; word_in_RAM[7]  ;
; N/A                                     ; None                                                ; 12.394 ns       ; addr[4]  ; word_in_RAM[8]  ;
; N/A                                     ; None                                                ; 12.392 ns       ; rind[3]  ; word_out[7]     ;
; N/A                                     ; None                                                ; 12.361 ns       ; addr[3]  ; word_out[3]     ;
; N/A                                     ; None                                                ; 12.330 ns       ; rind[0]  ; word_out[9]     ;
; N/A                                     ; None                                                ; 12.311 ns       ; addr[4]  ; word_out[7]     ;
; N/A                                     ; None                                                ; 12.300 ns       ; rind[3]  ; word_out[3]     ;
; N/A                                     ; None                                                ; 12.291 ns       ; rind[0]  ; word_out[8]     ;
; N/A                                     ; None                                                ; 12.281 ns       ; addr[5]  ; word_in_RAM[1]  ;
; N/A                                     ; None                                                ; 12.281 ns       ; addr[5]  ; word_in_RAM[7]  ;
; N/A                                     ; None                                                ; 12.281 ns       ; addr[5]  ; word_in_RAM[8]  ;
; N/A                                     ; None                                                ; 12.279 ns       ; addr[2]  ; word_out[7]     ;
; N/A                                     ; None                                                ; 12.258 ns       ; addr[3]  ; word_in_RAM[1]  ;
; N/A                                     ; None                                                ; 12.258 ns       ; addr[3]  ; word_in_RAM[7]  ;
; N/A                                     ; None                                                ; 12.258 ns       ; addr[3]  ; word_in_RAM[8]  ;
; N/A                                     ; None                                                ; 12.252 ns       ; rind[2]  ; word_in_RAM[1]  ;
; N/A                                     ; None                                                ; 12.252 ns       ; rind[2]  ; word_in_RAM[7]  ;
; N/A                                     ; None                                                ; 12.252 ns       ; rind[2]  ; word_in_RAM[8]  ;
; N/A                                     ; None                                                ; 12.250 ns       ; addr[3]  ; word_out[9]     ;
; N/A                                     ; None                                                ; 12.230 ns       ; addr[2]  ; word_in_RAM[1]  ;
; N/A                                     ; None                                                ; 12.230 ns       ; addr[2]  ; word_in_RAM[7]  ;
; N/A                                     ; None                                                ; 12.230 ns       ; addr[2]  ; word_in_RAM[8]  ;
; N/A                                     ; None                                                ; 12.224 ns       ; rind[1]  ; word_out[7]     ;
; N/A                                     ; None                                                ; 12.219 ns       ; addr[4]  ; word_out[3]     ;
; N/A                                     ; None                                                ; 12.211 ns       ; addr[3]  ; word_out[8]     ;
; N/A                                     ; None                                                ; 12.207 ns       ; rind[0]  ; word_in_RAM[5]  ;
; N/A                                     ; None                                                ; 12.207 ns       ; rind[0]  ; word_in_RAM[13] ;
; N/A                                     ; None                                                ; 12.198 ns       ; addr[5]  ; word_out[7]     ;
; N/A                                     ; None                                                ; 12.198 ns       ; rind[3]  ; word_in_RAM[5]  ;
; N/A                                     ; None                                                ; 12.198 ns       ; rind[3]  ; word_in_RAM[13] ;
; N/A                                     ; None                                                ; 12.189 ns       ; rind[3]  ; word_out[9]     ;
; N/A                                     ; None                                                ; 12.187 ns       ; addr[2]  ; word_out[3]     ;
; N/A                                     ; None                                                ; 12.173 ns       ; rind[0]  ; word_out[12]    ;
; N/A                                     ; None                                                ; 12.169 ns       ; rind[2]  ; word_out[7]     ;
; N/A                                     ; None                                                ; 12.169 ns       ; rind[0]  ; word_in_RAM[10] ;
; N/A                                     ; None                                                ; 12.160 ns       ; rind[3]  ; word_in_RAM[10] ;
; N/A                                     ; None                                                ; 12.150 ns       ; rind[3]  ; word_out[8]     ;
; N/A                                     ; None                                                ; 12.132 ns       ; rind[1]  ; word_out[3]     ;
; N/A                                     ; None                                                ; 12.126 ns       ; addr[12] ; word_out[11]    ;
; N/A                                     ; None                                                ; 12.124 ns       ; rind[0]  ; word_out[1]     ;
; N/A                                     ; None                                                ; 12.118 ns       ; rind[0]  ; word_out[13]    ;
; N/A                                     ; None                                                ; 12.117 ns       ; addr[4]  ; word_in_RAM[5]  ;
; N/A                                     ; None                                                ; 12.117 ns       ; addr[4]  ; word_in_RAM[13] ;
; N/A                                     ; None                                                ; 12.109 ns       ; rind[0]  ; write_RAM       ;
; N/A                                     ; None                                                ; 12.108 ns       ; addr[4]  ; word_out[9]     ;
; N/A                                     ; None                                                ; 12.106 ns       ; addr[5]  ; word_out[3]     ;
; N/A                                     ; None                                                ; 12.100 ns       ; rind[3]  ; write_RAM       ;
; N/A                                     ; None                                                ; 12.093 ns       ; addr[3]  ; word_out[12]    ;
; N/A                                     ; None                                                ; 12.079 ns       ; addr[4]  ; word_in_RAM[10] ;
; N/A                                     ; None                                                ; 12.077 ns       ; rind[2]  ; word_out[3]     ;
; N/A                                     ; None                                                ; 12.076 ns       ; addr[2]  ; word_out[9]     ;
; N/A                                     ; None                                                ; 12.069 ns       ; addr[4]  ; word_out[8]     ;
; N/A                                     ; None                                                ; 12.045 ns       ; rind[0]  ; word_in_RAM[4]  ;
; N/A                                     ; None                                                ; 12.044 ns       ; addr[3]  ; word_out[1]     ;
; N/A                                     ; None                                                ; 12.038 ns       ; addr[3]  ; word_out[13]    ;
; N/A                                     ; None                                                ; 12.037 ns       ; addr[2]  ; word_out[8]     ;
; N/A                                     ; None                                                ; 12.036 ns       ; rind[3]  ; word_in_RAM[4]  ;
; N/A                                     ; None                                                ; 12.035 ns       ; rind[0]  ; word_in_RAM[2]  ;
; N/A                                     ; None                                                ; 12.032 ns       ; rind[3]  ; word_out[12]    ;
; N/A                                     ; None                                                ; 12.029 ns       ; addr[14] ; word_out[11]    ;
; N/A                                     ; None                                                ; 12.029 ns       ; rind[1]  ; word_in_RAM[1]  ;
; N/A                                     ; None                                                ; 12.029 ns       ; rind[1]  ; word_in_RAM[7]  ;
; N/A                                     ; None                                                ; 12.029 ns       ; rind[1]  ; word_in_RAM[8]  ;
; N/A                                     ; None                                                ; 12.026 ns       ; rind[3]  ; word_in_RAM[2]  ;
; N/A                                     ; None                                                ; 12.021 ns       ; rind[1]  ; word_out[9]     ;
; N/A                                     ; None                                                ; 12.019 ns       ; addr[4]  ; write_RAM       ;
; N/A                                     ; None                                                ; 12.004 ns       ; addr[5]  ; word_in_RAM[5]  ;
; N/A                                     ; None                                                ; 12.004 ns       ; addr[5]  ; word_in_RAM[13] ;
; N/A                                     ; None                                                ; 12.001 ns       ; rind[0]  ; word_in_RAM[11] ;
; N/A                                     ; None                                                ; 11.995 ns       ; addr[5]  ; word_out[9]     ;
; N/A                                     ; None                                                ; 11.992 ns       ; rind[3]  ; word_in_RAM[11] ;
; N/A                                     ; None                                                ; 11.986 ns       ; rind[0]  ; word_out[5]     ;
; N/A                                     ; None                                                ; 11.983 ns       ; rind[3]  ; word_out[1]     ;
; N/A                                     ; None                                                ; 11.982 ns       ; rind[1]  ; word_out[8]     ;
; N/A                                     ; None                                                ; 11.981 ns       ; addr[3]  ; word_in_RAM[5]  ;
; N/A                                     ; None                                                ; 11.981 ns       ; addr[3]  ; word_in_RAM[13] ;
; N/A                                     ; None                                                ; 11.977 ns       ; rind[3]  ; word_out[13]    ;
; N/A                                     ; None                                                ; 11.975 ns       ; rind[2]  ; word_in_RAM[5]  ;
; N/A                                     ; None                                                ; 11.975 ns       ; rind[2]  ; word_in_RAM[13] ;
; N/A                                     ; None                                                ; 11.966 ns       ; rind[2]  ; word_out[9]     ;
; N/A                                     ; None                                                ; 11.966 ns       ; addr[5]  ; word_in_RAM[10] ;
; N/A                                     ; None                                                ; 11.963 ns       ; rind[0]  ; word_out[6]     ;
; N/A                                     ; None                                                ; 11.956 ns       ; addr[5]  ; word_out[8]     ;
; N/A                                     ; None                                                ; 11.955 ns       ; addr[4]  ; word_in_RAM[4]  ;
; N/A                                     ; None                                                ; 11.953 ns       ; addr[2]  ; word_in_RAM[5]  ;
; N/A                                     ; None                                                ; 11.953 ns       ; addr[2]  ; word_in_RAM[13] ;
; N/A                                     ; None                                                ; 11.951 ns       ; addr[4]  ; word_out[12]    ;
; N/A                                     ; None                                                ; 11.945 ns       ; addr[4]  ; word_in_RAM[2]  ;
; N/A                                     ; None                                                ; 11.943 ns       ; addr[3]  ; word_in_RAM[10] ;
; N/A                                     ; None                                                ; 11.937 ns       ; rind[2]  ; word_in_RAM[10] ;
; N/A                                     ; None                                                ; 11.927 ns       ; rind[2]  ; word_out[8]     ;
; N/A                                     ; None                                                ; 11.919 ns       ; addr[2]  ; word_out[12]    ;
; N/A                                     ; None                                                ; 11.915 ns       ; addr[2]  ; word_in_RAM[10] ;
; N/A                                     ; None                                                ; 11.911 ns       ; addr[4]  ; word_in_RAM[11] ;
; N/A                                     ; None                                                ; 11.906 ns       ; addr[3]  ; word_out[5]     ;
; N/A                                     ; None                                                ; 11.906 ns       ; addr[5]  ; write_RAM       ;
; N/A                                     ; None                                                ; 11.904 ns       ; rind[0]  ; word_out[0]     ;
; N/A                                     ; None                                                ; 11.902 ns       ; addr[4]  ; word_out[1]     ;
; N/A                                     ; None                                                ; 11.896 ns       ; addr[4]  ; word_out[13]    ;
; N/A                                     ; None                                                ; 11.883 ns       ; addr[3]  ; word_out[6]     ;
; N/A                                     ; None                                                ; 11.883 ns       ; addr[3]  ; write_RAM       ;
; N/A                                     ; None                                                ; 11.882 ns       ; rind[0]  ; word_out[4]     ;
; N/A                                     ; None                                                ; 11.877 ns       ; rind[2]  ; write_RAM       ;
; N/A                                     ; None                                                ; 11.872 ns       ; rind[0]  ; word_in_RAM[9]  ;
; N/A                                     ; None                                                ; 11.870 ns       ; addr[2]  ; word_out[1]     ;
; N/A                                     ; None                                                ; 11.866 ns       ; addr[15] ; word_out[11]    ;
; N/A                                     ; None                                                ; 11.864 ns       ; rind[1]  ; word_out[12]    ;
; N/A                                     ; None                                                ; 11.864 ns       ; addr[2]  ; word_out[13]    ;
; N/A                                     ; None                                                ; 11.863 ns       ; rind[3]  ; word_in_RAM[9]  ;
; N/A                                     ; None                                                ; 11.855 ns       ; addr[2]  ; write_RAM       ;
; N/A                                     ; None                                                ; 11.845 ns       ; rind[3]  ; word_out[5]     ;
; N/A                                     ; None                                                ; 11.842 ns       ; addr[5]  ; word_in_RAM[4]  ;
; N/A                                     ; None                                                ; 11.840 ns       ; addr[13] ; word_out[11]    ;
; N/A                                     ; None                                                ; 11.838 ns       ; addr[5]  ; word_out[12]    ;
; N/A                                     ; None                                                ; 11.832 ns       ; addr[5]  ; word_in_RAM[2]  ;
; N/A                                     ; None                                                ; 11.824 ns       ; addr[3]  ; word_out[0]     ;
; N/A                                     ; None                                                ; 11.822 ns       ; rind[3]  ; word_out[6]     ;
; N/A                                     ; None                                                ; 11.819 ns       ; addr[3]  ; word_in_RAM[4]  ;
; N/A                                     ; None                                                ; 11.815 ns       ; rind[1]  ; word_out[1]     ;
; N/A                                     ; None                                                ; 11.813 ns       ; rind[2]  ; word_in_RAM[4]  ;
; N/A                                     ; None                                                ; 11.809 ns       ; rind[2]  ; word_out[12]    ;
; N/A                                     ; None                                                ; 11.809 ns       ; rind[1]  ; word_out[13]    ;
; N/A                                     ; None                                                ; 11.809 ns       ; addr[3]  ; word_in_RAM[2]  ;
; N/A                                     ; None                                                ; 11.803 ns       ; rind[2]  ; word_in_RAM[2]  ;
; N/A                                     ; None                                                ; 11.802 ns       ; addr[3]  ; word_out[4]     ;
; N/A                                     ; None                                                ; 11.798 ns       ; addr[5]  ; word_in_RAM[11] ;
; N/A                                     ; None                                                ; 11.791 ns       ; addr[2]  ; word_in_RAM[4]  ;
; N/A                                     ; None                                                ; 11.789 ns       ; addr[5]  ; word_out[1]     ;
; N/A                                     ; None                                                ; 11.783 ns       ; addr[5]  ; word_out[13]    ;
; N/A                                     ; None                                                ; 11.782 ns       ; addr[4]  ; word_in_RAM[9]  ;
; N/A                                     ; None                                                ; 11.781 ns       ; addr[2]  ; word_in_RAM[2]  ;
; N/A                                     ; None                                                ; 11.775 ns       ; addr[3]  ; word_in_RAM[11] ;
; N/A                                     ; None                                                ; 11.774 ns       ; addr[6]  ; word_out[11]    ;
; N/A                                     ; None                                                ; 11.769 ns       ; rind[2]  ; word_in_RAM[11] ;
; N/A                                     ; None                                                ; 11.764 ns       ; addr[4]  ; word_out[5]     ;
; N/A                                     ; None                                                ; 11.763 ns       ; rind[3]  ; word_out[0]     ;
; N/A                                     ; None                                                ; 11.760 ns       ; rind[2]  ; word_out[1]     ;
; N/A                                     ; None                                                ; 11.754 ns       ; rind[2]  ; word_out[13]    ;
; N/A                                     ; None                                                ; 11.752 ns       ; rind[1]  ; word_in_RAM[5]  ;
; N/A                                     ; None                                                ; 11.752 ns       ; rind[1]  ; word_in_RAM[13] ;
; N/A                                     ; None                                                ; 11.747 ns       ; addr[2]  ; word_in_RAM[11] ;
; N/A                                     ; None                                                ; 11.741 ns       ; rind[3]  ; word_out[4]     ;
; N/A                                     ; None                                                ; 11.741 ns       ; addr[4]  ; word_out[6]     ;
; N/A                                     ; None                                                ; 11.732 ns       ; addr[2]  ; word_out[5]     ;
; N/A                                     ; None                                                ; 11.732 ns       ; addr[9]  ; word_out[11]    ;
; N/A                                     ; None                                                ; 11.727 ns       ; rind[0]  ; word_in_RAM[6]  ;
; N/A                                     ; None                                                ; 11.721 ns       ; rind[0]  ; word_in_RAM[12] ;
; N/A                                     ; None                                                ; 11.718 ns       ; rind[3]  ; word_in_RAM[6]  ;
; N/A                                     ; None                                                ; 11.714 ns       ; rind[1]  ; word_in_RAM[10] ;
; N/A                                     ; None                                                ; 11.712 ns       ; rind[3]  ; word_in_RAM[12] ;
; N/A                                     ; None                                                ; 11.709 ns       ; addr[2]  ; word_out[6]     ;
; N/A                                     ; None                                                ; 11.682 ns       ; addr[4]  ; word_out[0]     ;
; N/A                                     ; None                                                ; 11.678 ns       ; rind[0]  ; word_out[2]     ;
; N/A                                     ; None                                                ; 11.677 ns       ; rind[1]  ; word_out[5]     ;
; N/A                                     ; None                                                ; 11.669 ns       ; addr[5]  ; word_in_RAM[9]  ;
; N/A                                     ; None                                                ; 11.660 ns       ; addr[4]  ; word_out[4]     ;
; N/A                                     ; None                                                ; 11.654 ns       ; rind[1]  ; word_out[6]     ;
; N/A                                     ; None                                                ; 11.654 ns       ; rind[1]  ; write_RAM       ;
; N/A                                     ; None                                                ; 11.653 ns       ; rind[0]  ; word_out[15]    ;
; N/A                                     ; None                                                ; 11.651 ns       ; addr[5]  ; word_out[5]     ;
; N/A                                     ; None                                                ; 11.650 ns       ; addr[2]  ; word_out[0]     ;
; N/A                                     ; None                                                ; 11.646 ns       ; addr[3]  ; word_in_RAM[9]  ;
; N/A                                     ; None                                                ; 11.640 ns       ; rind[2]  ; word_in_RAM[9]  ;
; N/A                                     ; None                                                ; 11.637 ns       ; addr[4]  ; word_in_RAM[6]  ;
; N/A                                     ; None                                                ; 11.632 ns       ; addr[12] ; word_out[10]    ;
; N/A                                     ; None                                                ; 11.631 ns       ; addr[4]  ; word_in_RAM[12] ;
; N/A                                     ; None                                                ; 11.628 ns       ; addr[2]  ; word_out[4]     ;
; N/A                                     ; None                                                ; 11.628 ns       ; addr[5]  ; word_out[6]     ;
; N/A                                     ; None                                                ; 11.622 ns       ; rind[2]  ; word_out[5]     ;
; N/A                                     ; None                                                ; 11.618 ns       ; addr[2]  ; word_in_RAM[9]  ;
; N/A                                     ; None                                                ; 11.599 ns       ; rind[2]  ; word_out[6]     ;
; N/A                                     ; None                                                ; 11.598 ns       ; addr[3]  ; word_out[2]     ;
; N/A                                     ; None                                                ; 11.595 ns       ; rind[1]  ; word_out[0]     ;
; N/A                                     ; None                                                ; 11.590 ns       ; rind[1]  ; word_in_RAM[4]  ;
; Timing analysis restricted to 200 rows. ; To change the limit use Settings (Assignments menu) ;                 ;          ;                 ;
+-----------------------------------------+-----------------------------------------------------+-----------------+----------+-----------------+


+-----------------------------------------------------------------------------------------------------------------------------------------------------------------------------------------------------------------------+
; th                                                                                                                                                                                                                    ;
+-----------------------------------------+-----------------------------------------------------+-----------+-------------+----------------------------------------------------------------------------------+----------+
; Minimum Slack                           ; Required th                                         ; Actual th ; From        ; To                                                                               ; To Clock ;
+-----------------------------------------+-----------------------------------------------------+-----------+-------------+----------------------------------------------------------------------------------+----------+
; N/A                                     ; None                                                ; -1.958 ns ; addr[7]     ; cache_row_memory_unit:inst1|lpm_dff3:tag|lpm_ff:lpm_ff_component|dffs[1]         ; clock    ;
; N/A                                     ; None                                                ; -1.984 ns ; addr[8]     ; cache_row_memory_unit:inst1|lpm_dff3:tag|lpm_ff:lpm_ff_component|dffs[2]         ; clock    ;
; N/A                                     ; None                                                ; -2.124 ns ; addr[10]    ; cache_row_memory_unit:inst1|lpm_dff3:tag|lpm_ff:lpm_ff_component|dffs[4]         ; clock    ;
; N/A                                     ; None                                                ; -2.194 ns ; word_in[10] ; cache_row_memory_unit:inst1|lpm_dff2:word_2|lpm_ff:lpm_ff_component|dffs[10]     ; clock    ;
; N/A                                     ; None                                                ; -2.205 ns ; word_in[14] ; cache_row_memory_unit:inst1|lpm_dff2:word_1|lpm_ff:lpm_ff_component|dffs[14]     ; clock    ;
; N/A                                     ; None                                                ; -2.206 ns ; addr[6]     ; cache_row_memory_unit:inst1|lpm_dff3:tag|lpm_ff:lpm_ff_component|dffs[0]         ; clock    ;
; N/A                                     ; None                                                ; -2.260 ns ; addr[11]    ; cache_row_memory_unit:inst1|lpm_dff3:tag|lpm_ff:lpm_ff_component|dffs[5]         ; clock    ;
; N/A                                     ; None                                                ; -2.286 ns ; word_in[8]  ; cache_row_memory_unit:inst1|lpm_dff2:word_2|lpm_ff:lpm_ff_component|dffs[8]      ; clock    ;
; N/A                                     ; None                                                ; -2.295 ns ; word_in[11] ; cache_row_memory_unit:inst1|lpm_dff2:word_1|lpm_ff:lpm_ff_component|dffs[11]     ; clock    ;
; N/A                                     ; None                                                ; -2.301 ns ; addr[15]    ; cache_row_memory_unit:inst1|lpm_dff3:tag|lpm_ff:lpm_ff_component|dffs[9]         ; clock    ;
; N/A                                     ; None                                                ; -2.316 ns ; word_in[11] ; cache_row_memory_unit:inst1|lpm_dff2:word_2|lpm_ff:lpm_ff_component|dffs[11]     ; clock    ;
; N/A                                     ; None                                                ; -2.317 ns ; word_in[11] ; cache_row_memory_unit:inst1|lpm_dff2:word_0|lpm_ff:lpm_ff_component|dffs[11]     ; clock    ;
; N/A                                     ; None                                                ; -2.318 ns ; word_in[10] ; cache_row_memory_unit:inst1|lpm_dff2:word_1|lpm_ff:lpm_ff_component|dffs[10]     ; clock    ;
; N/A                                     ; None                                                ; -2.318 ns ; word_in[11] ; cache_row_memory_unit:inst1|lpm_dff2:word_3|lpm_ff:lpm_ff_component|dffs[11]     ; clock    ;
; N/A                                     ; None                                                ; -2.319 ns ; word_in[10] ; cache_row_memory_unit:inst1|lpm_dff2:word_0|lpm_ff:lpm_ff_component|dffs[10]     ; clock    ;
; N/A                                     ; None                                                ; -2.320 ns ; word_in[10] ; cache_row_memory_unit:inst1|lpm_dff2:word_3|lpm_ff:lpm_ff_component|dffs[10]     ; clock    ;
; N/A                                     ; None                                                ; -2.325 ns ; word_in[1]  ; cache_row_memory_unit:inst1|lpm_dff2:word_1|lpm_ff:lpm_ff_component|dffs[1]      ; clock    ;
; N/A                                     ; None                                                ; -2.325 ns ; word_in[1]  ; cache_row_memory_unit:inst1|lpm_dff2:word_3|lpm_ff:lpm_ff_component|dffs[1]      ; clock    ;
; N/A                                     ; None                                                ; -2.326 ns ; word_in[1]  ; cache_row_memory_unit:inst1|lpm_dff2:word_0|lpm_ff:lpm_ff_component|dffs[1]      ; clock    ;
; N/A                                     ; None                                                ; -2.327 ns ; word_in[14] ; cache_row_memory_unit:inst1|lpm_dff2:word_0|lpm_ff:lpm_ff_component|dffs[14]     ; clock    ;
; N/A                                     ; None                                                ; -2.327 ns ; word_in[14] ; cache_row_memory_unit:inst1|lpm_dff2:word_2|lpm_ff:lpm_ff_component|dffs[14]     ; clock    ;
; N/A                                     ; None                                                ; -2.327 ns ; word_in[14] ; cache_row_memory_unit:inst1|lpm_dff2:word_3|lpm_ff:lpm_ff_component|dffs[14]     ; clock    ;
; N/A                                     ; None                                                ; -2.369 ns ; word_in[12] ; cache_row_memory_unit:inst1|lpm_dff2:word_2|lpm_ff:lpm_ff_component|dffs[12]     ; clock    ;
; N/A                                     ; None                                                ; -2.380 ns ; word_in[1]  ; cache_row_memory_unit:inst1|lpm_dff2:word_2|lpm_ff:lpm_ff_component|dffs[1]      ; clock    ;
; N/A                                     ; None                                                ; -2.382 ns ; word_in[7]  ; cache_row_memory_unit:inst1|lpm_dff2:word_2|lpm_ff:lpm_ff_component|dffs[7]      ; clock    ;
; N/A                                     ; None                                                ; -2.385 ns ; word_in[3]  ; cache_row_memory_unit:inst1|lpm_dff2:word_2|lpm_ff:lpm_ff_component|dffs[3]      ; clock    ;
; N/A                                     ; None                                                ; -2.390 ns ; word_in[8]  ; cache_row_memory_unit:inst1|lpm_dff2:word_1|lpm_ff:lpm_ff_component|dffs[8]      ; clock    ;
; N/A                                     ; None                                                ; -2.390 ns ; word_in[8]  ; cache_row_memory_unit:inst1|lpm_dff2:word_3|lpm_ff:lpm_ff_component|dffs[8]      ; clock    ;
; N/A                                     ; None                                                ; -2.394 ns ; word_in[8]  ; cache_row_memory_unit:inst1|lpm_dff2:word_0|lpm_ff:lpm_ff_component|dffs[8]      ; clock    ;
; N/A                                     ; None                                                ; -2.439 ns ; word_in[9]  ; cache_row_memory_unit:inst1|lpm_dff2:word_1|lpm_ff:lpm_ff_component|dffs[9]      ; clock    ;
; N/A                                     ; None                                                ; -2.441 ns ; word_in[9]  ; cache_row_memory_unit:inst1|lpm_dff2:word_0|lpm_ff:lpm_ff_component|dffs[9]      ; clock    ;
; N/A                                     ; None                                                ; -2.445 ns ; word_in[9]  ; cache_row_memory_unit:inst1|lpm_dff2:word_3|lpm_ff:lpm_ff_component|dffs[9]      ; clock    ;
; N/A                                     ; None                                                ; -2.447 ns ; addr[9]     ; cache_row_memory_unit:inst1|lpm_dff3:tag|lpm_ff:lpm_ff_component|dffs[3]         ; clock    ;
; N/A                                     ; None                                                ; -2.456 ns ; word_in[4]  ; cache_row_memory_unit:inst1|lpm_dff2:word_3|lpm_ff:lpm_ff_component|dffs[4]      ; clock    ;
; N/A                                     ; None                                                ; -2.456 ns ; word_in[7]  ; cache_row_memory_unit:inst1|lpm_dff2:word_1|lpm_ff:lpm_ff_component|dffs[7]      ; clock    ;
; N/A                                     ; None                                                ; -2.457 ns ; word_in[6]  ; cache_row_memory_unit:inst1|lpm_dff2:word_0|lpm_ff:lpm_ff_component|dffs[6]      ; clock    ;
; N/A                                     ; None                                                ; -2.457 ns ; addr[12]    ; cache_row_memory_unit:inst1|lpm_dff3:tag|lpm_ff:lpm_ff_component|dffs[6]         ; clock    ;
; N/A                                     ; None                                                ; -2.458 ns ; word_in[15] ; cache_row_memory_unit:inst1|lpm_dff2:word_1|lpm_ff:lpm_ff_component|dffs[15]     ; clock    ;
; N/A                                     ; None                                                ; -2.459 ns ; word_in[7]  ; cache_row_memory_unit:inst1|lpm_dff2:word_3|lpm_ff:lpm_ff_component|dffs[7]      ; clock    ;
; N/A                                     ; None                                                ; -2.460 ns ; word_in[7]  ; cache_row_memory_unit:inst1|lpm_dff2:word_0|lpm_ff:lpm_ff_component|dffs[7]      ; clock    ;
; N/A                                     ; None                                                ; -2.461 ns ; word_in[6]  ; cache_row_memory_unit:inst1|lpm_dff2:word_2|lpm_ff:lpm_ff_component|dffs[6]      ; clock    ;
; N/A                                     ; None                                                ; -2.464 ns ; word_in[3]  ; cache_row_memory_unit:inst1|lpm_dff2:word_0|lpm_ff:lpm_ff_component|dffs[3]      ; clock    ;
; N/A                                     ; None                                                ; -2.464 ns ; word_in[6]  ; cache_row_memory_unit:inst1|lpm_dff2:word_1|lpm_ff:lpm_ff_component|dffs[6]      ; clock    ;
; N/A                                     ; None                                                ; -2.465 ns ; word_in[3]  ; cache_row_memory_unit:inst1|lpm_dff2:word_3|lpm_ff:lpm_ff_component|dffs[3]      ; clock    ;
; N/A                                     ; None                                                ; -2.466 ns ; word_in[3]  ; cache_row_memory_unit:inst1|lpm_dff2:word_1|lpm_ff:lpm_ff_component|dffs[3]      ; clock    ;
; N/A                                     ; None                                                ; -2.475 ns ; word_in[0]  ; cache_row_memory_unit:inst1|lpm_dff2:word_2|lpm_ff:lpm_ff_component|dffs[0]      ; clock    ;
; N/A                                     ; None                                                ; -2.484 ns ; word_in[4]  ; cache_row_memory_unit:inst1|lpm_dff2:word_0|lpm_ff:lpm_ff_component|dffs[4]      ; clock    ;
; N/A                                     ; None                                                ; -2.487 ns ; word_in[4]  ; cache_row_memory_unit:inst1|lpm_dff2:word_1|lpm_ff:lpm_ff_component|dffs[4]      ; clock    ;
; N/A                                     ; None                                                ; -2.488 ns ; word_in[4]  ; cache_row_memory_unit:inst1|lpm_dff2:word_2|lpm_ff:lpm_ff_component|dffs[4]      ; clock    ;
; N/A                                     ; None                                                ; -2.489 ns ; word_in[12] ; cache_row_memory_unit:inst1|lpm_dff2:word_0|lpm_ff:lpm_ff_component|dffs[12]     ; clock    ;
; N/A                                     ; None                                                ; -2.490 ns ; word_in[12] ; cache_row_memory_unit:inst1|lpm_dff2:word_3|lpm_ff:lpm_ff_component|dffs[12]     ; clock    ;
; N/A                                     ; None                                                ; -2.491 ns ; word_in[12] ; cache_row_memory_unit:inst1|lpm_dff2:word_1|lpm_ff:lpm_ff_component|dffs[12]     ; clock    ;
; N/A                                     ; None                                                ; -2.532 ns ; addr[13]    ; cache_row_memory_unit:inst1|lpm_dff3:tag|lpm_ff:lpm_ff_component|dffs[7]         ; clock    ;
; N/A                                     ; None                                                ; -2.539 ns ; word_in[6]  ; cache_row_memory_unit:inst1|lpm_dff2:word_3|lpm_ff:lpm_ff_component|dffs[6]      ; clock    ;
; N/A                                     ; None                                                ; -2.587 ns ; word_in[15] ; cache_row_memory_unit:inst1|lpm_dff2:word_2|lpm_ff:lpm_ff_component|dffs[15]     ; clock    ;
; N/A                                     ; None                                                ; -2.588 ns ; word_in[15] ; cache_row_memory_unit:inst1|lpm_dff2:word_3|lpm_ff:lpm_ff_component|dffs[15]     ; clock    ;
; N/A                                     ; None                                                ; -2.589 ns ; word_in[15] ; cache_row_memory_unit:inst1|lpm_dff2:word_0|lpm_ff:lpm_ff_component|dffs[15]     ; clock    ;
; N/A                                     ; None                                                ; -2.592 ns ; word_in[0]  ; cache_row_memory_unit:inst1|lpm_dff2:word_3|lpm_ff:lpm_ff_component|dffs[0]      ; clock    ;
; N/A                                     ; None                                                ; -2.597 ns ; word_in[0]  ; cache_row_memory_unit:inst1|lpm_dff2:word_1|lpm_ff:lpm_ff_component|dffs[0]      ; clock    ;
; N/A                                     ; None                                                ; -2.598 ns ; word_in[0]  ; cache_row_memory_unit:inst1|lpm_dff2:word_0|lpm_ff:lpm_ff_component|dffs[0]      ; clock    ;
; N/A                                     ; None                                                ; -2.619 ns ; word_in[9]  ; cache_row_memory_unit:inst1|lpm_dff2:word_2|lpm_ff:lpm_ff_component|dffs[9]      ; clock    ;
; N/A                                     ; None                                                ; -2.635 ns ; word_in[5]  ; cache_row_memory_unit:inst1|lpm_dff2:word_3|lpm_ff:lpm_ff_component|dffs[5]      ; clock    ;
; N/A                                     ; None                                                ; -2.752 ns ; word_in[5]  ; cache_row_memory_unit:inst1|lpm_dff2:word_2|lpm_ff:lpm_ff_component|dffs[5]      ; clock    ;
; N/A                                     ; None                                                ; -2.755 ns ; word_in[5]  ; cache_row_memory_unit:inst1|lpm_dff2:word_0|lpm_ff:lpm_ff_component|dffs[5]      ; clock    ;
; N/A                                     ; None                                                ; -2.756 ns ; word_in[5]  ; cache_row_memory_unit:inst1|lpm_dff2:word_1|lpm_ff:lpm_ff_component|dffs[5]      ; clock    ;
; N/A                                     ; None                                                ; -2.839 ns ; addr[14]    ; cache_row_memory_unit:inst1|lpm_dff3:tag|lpm_ff:lpm_ff_component|dffs[8]         ; clock    ;
; N/A                                     ; None                                                ; -2.842 ns ; word_in[2]  ; cache_row_memory_unit:inst1|lpm_dff2:word_1|lpm_ff:lpm_ff_component|dffs[2]      ; clock    ;
; N/A                                     ; None                                                ; -2.925 ns ; word_in[2]  ; cache_row_memory_unit:inst1|lpm_dff2:word_3|lpm_ff:lpm_ff_component|dffs[2]      ; clock    ;
; N/A                                     ; None                                                ; -2.932 ns ; word_in[2]  ; cache_row_memory_unit:inst1|lpm_dff2:word_2|lpm_ff:lpm_ff_component|dffs[2]      ; clock    ;
; N/A                                     ; None                                                ; -2.941 ns ; word_in[13] ; cache_row_memory_unit:inst1|lpm_dff2:word_1|lpm_ff:lpm_ff_component|dffs[13]     ; clock    ;
; N/A                                     ; None                                                ; -2.943 ns ; word_in[13] ; cache_row_memory_unit:inst1|lpm_dff2:word_0|lpm_ff:lpm_ff_component|dffs[13]     ; clock    ;
; N/A                                     ; None                                                ; -2.945 ns ; word_in[2]  ; cache_row_memory_unit:inst1|lpm_dff2:word_0|lpm_ff:lpm_ff_component|dffs[2]      ; clock    ;
; N/A                                     ; None                                                ; -3.028 ns ; word_in[13] ; cache_row_memory_unit:inst1|lpm_dff2:word_2|lpm_ff:lpm_ff_component|dffs[13]     ; clock    ;
; N/A                                     ; None                                                ; -3.127 ns ; cpu_write   ; cache_row_memory_unit:inst1|lpm_dff7:dirty_boots|lpm_ff:lpm_ff_component|dffs[0] ; clock    ;
; N/A                                     ; None                                                ; -3.159 ns ; word_in[13] ; cache_row_memory_unit:inst1|lpm_dff2:word_3|lpm_ff:lpm_ff_component|dffs[13]     ; clock    ;
; N/A                                     ; None                                                ; -3.335 ns ; write_word  ; cache_row_memory_unit:inst1|lpm_dff3:tag|lpm_ff:lpm_ff_component|dffs[9]         ; clock    ;
; N/A                                     ; None                                                ; -3.335 ns ; write_word  ; cache_row_memory_unit:inst1|lpm_dff3:tag|lpm_ff:lpm_ff_component|dffs[8]         ; clock    ;
; N/A                                     ; None                                                ; -3.335 ns ; write_word  ; cache_row_memory_unit:inst1|lpm_dff3:tag|lpm_ff:lpm_ff_component|dffs[7]         ; clock    ;
; N/A                                     ; None                                                ; -3.335 ns ; write_word  ; cache_row_memory_unit:inst1|lpm_dff3:tag|lpm_ff:lpm_ff_component|dffs[5]         ; clock    ;
; N/A                                     ; None                                                ; -3.335 ns ; write_word  ; cache_row_memory_unit:inst1|lpm_dff3:tag|lpm_ff:lpm_ff_component|dffs[4]         ; clock    ;
; N/A                                     ; None                                                ; -3.335 ns ; write_word  ; cache_row_memory_unit:inst1|lpm_dff3:tag|lpm_ff:lpm_ff_component|dffs[3]         ; clock    ;
; N/A                                     ; None                                                ; -3.335 ns ; write_word  ; cache_row_memory_unit:inst1|lpm_dff3:tag|lpm_ff:lpm_ff_component|dffs[2]         ; clock    ;
; N/A                                     ; None                                                ; -3.335 ns ; write_word  ; cache_row_memory_unit:inst1|lpm_dff3:tag|lpm_ff:lpm_ff_component|dffs[1]         ; clock    ;
; N/A                                     ; None                                                ; -3.335 ns ; write_word  ; cache_row_memory_unit:inst1|lpm_dff3:tag|lpm_ff:lpm_ff_component|dffs[6]         ; clock    ;
; N/A                                     ; None                                                ; -3.335 ns ; write_word  ; cache_row_memory_unit:inst1|lpm_dff3:tag|lpm_ff:lpm_ff_component|dffs[0]         ; clock    ;
; N/A                                     ; None                                                ; -3.487 ns ; addr[0]     ; cache_row_memory_unit:inst1|lpm_dff2:word_2|lpm_ff:lpm_ff_component|dffs[15]     ; clock    ;
; N/A                                     ; None                                                ; -3.487 ns ; addr[0]     ; cache_row_memory_unit:inst1|lpm_dff2:word_2|lpm_ff:lpm_ff_component|dffs[14]     ; clock    ;
; N/A                                     ; None                                                ; -3.487 ns ; addr[0]     ; cache_row_memory_unit:inst1|lpm_dff2:word_2|lpm_ff:lpm_ff_component|dffs[11]     ; clock    ;
; N/A                                     ; None                                                ; -3.490 ns ; addr[0]     ; cache_row_memory_unit:inst1|lpm_dff2:word_3|lpm_ff:lpm_ff_component|dffs[15]     ; clock    ;
; N/A                                     ; None                                                ; -3.490 ns ; addr[0]     ; cache_row_memory_unit:inst1|lpm_dff2:word_3|lpm_ff:lpm_ff_component|dffs[14]     ; clock    ;
; N/A                                     ; None                                                ; -3.490 ns ; addr[0]     ; cache_row_memory_unit:inst1|lpm_dff2:word_3|lpm_ff:lpm_ff_component|dffs[11]     ; clock    ;
; N/A                                     ; None                                                ; -3.491 ns ; addr[0]     ; cache_row_memory_unit:inst1|lpm_dff2:word_0|lpm_ff:lpm_ff_component|dffs[15]     ; clock    ;
; N/A                                     ; None                                                ; -3.491 ns ; addr[0]     ; cache_row_memory_unit:inst1|lpm_dff2:word_0|lpm_ff:lpm_ff_component|dffs[14]     ; clock    ;
; N/A                                     ; None                                                ; -3.491 ns ; addr[0]     ; cache_row_memory_unit:inst1|lpm_dff2:word_0|lpm_ff:lpm_ff_component|dffs[11]     ; clock    ;
; N/A                                     ; None                                                ; -3.578 ns ; addr[0]     ; cache_row_memory_unit:inst1|lpm_dff2:word_1|lpm_ff:lpm_ff_component|dffs[15]     ; clock    ;
; N/A                                     ; None                                                ; -3.578 ns ; addr[0]     ; cache_row_memory_unit:inst1|lpm_dff2:word_1|lpm_ff:lpm_ff_component|dffs[14]     ; clock    ;
; N/A                                     ; None                                                ; -3.578 ns ; addr[0]     ; cache_row_memory_unit:inst1|lpm_dff2:word_1|lpm_ff:lpm_ff_component|dffs[11]     ; clock    ;
; N/A                                     ; None                                                ; -3.578 ns ; addr[0]     ; cache_row_memory_unit:inst1|lpm_dff2:word_1|lpm_ff:lpm_ff_component|dffs[2]      ; clock    ;
; N/A                                     ; None                                                ; -3.578 ns ; addr[0]     ; cache_row_memory_unit:inst1|lpm_dff2:word_1|lpm_ff:lpm_ff_component|dffs[1]      ; clock    ;
; N/A                                     ; None                                                ; -3.586 ns ; addr[0]     ; cache_row_memory_unit:inst1|lpm_dff2:word_0|lpm_ff:lpm_ff_component|dffs[2]      ; clock    ;
; N/A                                     ; None                                                ; -3.586 ns ; addr[0]     ; cache_row_memory_unit:inst1|lpm_dff2:word_0|lpm_ff:lpm_ff_component|dffs[1]      ; clock    ;
; N/A                                     ; None                                                ; -3.588 ns ; addr[0]     ; cache_row_memory_unit:inst1|lpm_dff2:word_3|lpm_ff:lpm_ff_component|dffs[6]      ; clock    ;
; N/A                                     ; None                                                ; -3.588 ns ; addr[0]     ; cache_row_memory_unit:inst1|lpm_dff2:word_3|lpm_ff:lpm_ff_component|dffs[5]      ; clock    ;
; N/A                                     ; None                                                ; -3.588 ns ; addr[0]     ; cache_row_memory_unit:inst1|lpm_dff2:word_3|lpm_ff:lpm_ff_component|dffs[2]      ; clock    ;
; N/A                                     ; None                                                ; -3.588 ns ; addr[0]     ; cache_row_memory_unit:inst1|lpm_dff2:word_3|lpm_ff:lpm_ff_component|dffs[1]      ; clock    ;
; N/A                                     ; None                                                ; -3.604 ns ; write_word  ; cache_row_memory_unit:inst1|lpm_dff2:word_2|lpm_ff:lpm_ff_component|dffs[15]     ; clock    ;
; N/A                                     ; None                                                ; -3.604 ns ; write_word  ; cache_row_memory_unit:inst1|lpm_dff2:word_2|lpm_ff:lpm_ff_component|dffs[14]     ; clock    ;
; N/A                                     ; None                                                ; -3.604 ns ; write_word  ; cache_row_memory_unit:inst1|lpm_dff2:word_2|lpm_ff:lpm_ff_component|dffs[11]     ; clock    ;
; N/A                                     ; None                                                ; -3.608 ns ; write_word  ; cache_row_memory_unit:inst1|lpm_dff2:word_0|lpm_ff:lpm_ff_component|dffs[15]     ; clock    ;
; N/A                                     ; None                                                ; -3.608 ns ; write_word  ; cache_row_memory_unit:inst1|lpm_dff2:word_0|lpm_ff:lpm_ff_component|dffs[14]     ; clock    ;
; N/A                                     ; None                                                ; -3.608 ns ; write_word  ; cache_row_memory_unit:inst1|lpm_dff2:word_0|lpm_ff:lpm_ff_component|dffs[11]     ; clock    ;
; N/A                                     ; None                                                ; -3.609 ns ; write_word  ; cache_row_memory_unit:inst1|lpm_dff2:word_3|lpm_ff:lpm_ff_component|dffs[15]     ; clock    ;
; N/A                                     ; None                                                ; -3.609 ns ; write_word  ; cache_row_memory_unit:inst1|lpm_dff2:word_3|lpm_ff:lpm_ff_component|dffs[14]     ; clock    ;
; N/A                                     ; None                                                ; -3.609 ns ; write_word  ; cache_row_memory_unit:inst1|lpm_dff2:word_3|lpm_ff:lpm_ff_component|dffs[11]     ; clock    ;
; N/A                                     ; None                                                ; -3.697 ns ; write_word  ; cache_row_memory_unit:inst1|lpm_dff2:word_1|lpm_ff:lpm_ff_component|dffs[15]     ; clock    ;
; N/A                                     ; None                                                ; -3.697 ns ; write_word  ; cache_row_memory_unit:inst1|lpm_dff2:word_1|lpm_ff:lpm_ff_component|dffs[14]     ; clock    ;
; N/A                                     ; None                                                ; -3.697 ns ; write_word  ; cache_row_memory_unit:inst1|lpm_dff2:word_1|lpm_ff:lpm_ff_component|dffs[11]     ; clock    ;
; N/A                                     ; None                                                ; -3.697 ns ; write_word  ; cache_row_memory_unit:inst1|lpm_dff2:word_1|lpm_ff:lpm_ff_component|dffs[2]      ; clock    ;
; N/A                                     ; None                                                ; -3.697 ns ; write_word  ; cache_row_memory_unit:inst1|lpm_dff2:word_1|lpm_ff:lpm_ff_component|dffs[1]      ; clock    ;
; N/A                                     ; None                                                ; -3.703 ns ; write_word  ; cache_row_memory_unit:inst1|lpm_dff2:word_0|lpm_ff:lpm_ff_component|dffs[2]      ; clock    ;
; N/A                                     ; None                                                ; -3.703 ns ; write_word  ; cache_row_memory_unit:inst1|lpm_dff2:word_0|lpm_ff:lpm_ff_component|dffs[1]      ; clock    ;
; N/A                                     ; None                                                ; -3.707 ns ; write_word  ; cache_row_memory_unit:inst1|lpm_dff2:word_3|lpm_ff:lpm_ff_component|dffs[6]      ; clock    ;
; N/A                                     ; None                                                ; -3.707 ns ; write_word  ; cache_row_memory_unit:inst1|lpm_dff2:word_3|lpm_ff:lpm_ff_component|dffs[5]      ; clock    ;
; N/A                                     ; None                                                ; -3.707 ns ; write_word  ; cache_row_memory_unit:inst1|lpm_dff2:word_3|lpm_ff:lpm_ff_component|dffs[2]      ; clock    ;
; N/A                                     ; None                                                ; -3.707 ns ; write_word  ; cache_row_memory_unit:inst1|lpm_dff2:word_3|lpm_ff:lpm_ff_component|dffs[1]      ; clock    ;
; N/A                                     ; None                                                ; -3.771 ns ; addr[0]     ; cache_row_memory_unit:inst1|lpm_dff2:word_2|lpm_ff:lpm_ff_component|dffs[2]      ; clock    ;
; N/A                                     ; None                                                ; -3.771 ns ; addr[0]     ; cache_row_memory_unit:inst1|lpm_dff2:word_2|lpm_ff:lpm_ff_component|dffs[1]      ; clock    ;
; N/A                                     ; None                                                ; -3.771 ns ; addr[0]     ; cache_row_memory_unit:inst1|lpm_dff2:word_2|lpm_ff:lpm_ff_component|dffs[0]      ; clock    ;
; N/A                                     ; None                                                ; -3.792 ns ; addr[1]     ; cache_row_memory_unit:inst1|lpm_dff2:word_2|lpm_ff:lpm_ff_component|dffs[15]     ; clock    ;
; N/A                                     ; None                                                ; -3.792 ns ; addr[1]     ; cache_row_memory_unit:inst1|lpm_dff2:word_2|lpm_ff:lpm_ff_component|dffs[14]     ; clock    ;
; N/A                                     ; None                                                ; -3.792 ns ; addr[1]     ; cache_row_memory_unit:inst1|lpm_dff2:word_2|lpm_ff:lpm_ff_component|dffs[11]     ; clock    ;
; N/A                                     ; None                                                ; -3.793 ns ; addr[1]     ; cache_row_memory_unit:inst1|lpm_dff2:word_3|lpm_ff:lpm_ff_component|dffs[15]     ; clock    ;
; N/A                                     ; None                                                ; -3.793 ns ; addr[1]     ; cache_row_memory_unit:inst1|lpm_dff2:word_3|lpm_ff:lpm_ff_component|dffs[14]     ; clock    ;
; N/A                                     ; None                                                ; -3.793 ns ; addr[1]     ; cache_row_memory_unit:inst1|lpm_dff2:word_3|lpm_ff:lpm_ff_component|dffs[11]     ; clock    ;
; N/A                                     ; None                                                ; -3.795 ns ; addr[1]     ; cache_row_memory_unit:inst1|lpm_dff2:word_0|lpm_ff:lpm_ff_component|dffs[15]     ; clock    ;
; N/A                                     ; None                                                ; -3.795 ns ; addr[1]     ; cache_row_memory_unit:inst1|lpm_dff2:word_0|lpm_ff:lpm_ff_component|dffs[14]     ; clock    ;
; N/A                                     ; None                                                ; -3.795 ns ; addr[1]     ; cache_row_memory_unit:inst1|lpm_dff2:word_0|lpm_ff:lpm_ff_component|dffs[11]     ; clock    ;
; N/A                                     ; None                                                ; -3.800 ns ; addr[0]     ; cache_row_memory_unit:inst1|lpm_dff2:word_3|lpm_ff:lpm_ff_component|dffs[13]     ; clock    ;
; N/A                                     ; None                                                ; -3.800 ns ; addr[0]     ; cache_row_memory_unit:inst1|lpm_dff2:word_3|lpm_ff:lpm_ff_component|dffs[12]     ; clock    ;
; N/A                                     ; None                                                ; -3.800 ns ; addr[0]     ; cache_row_memory_unit:inst1|lpm_dff2:word_3|lpm_ff:lpm_ff_component|dffs[10]     ; clock    ;
; N/A                                     ; None                                                ; -3.800 ns ; addr[0]     ; cache_row_memory_unit:inst1|lpm_dff2:word_3|lpm_ff:lpm_ff_component|dffs[0]      ; clock    ;
; N/A                                     ; None                                                ; -3.802 ns ; addr[0]     ; cache_row_memory_unit:inst1|lpm_dff2:word_0|lpm_ff:lpm_ff_component|dffs[13]     ; clock    ;
; N/A                                     ; None                                                ; -3.802 ns ; addr[0]     ; cache_row_memory_unit:inst1|lpm_dff2:word_0|lpm_ff:lpm_ff_component|dffs[12]     ; clock    ;
; N/A                                     ; None                                                ; -3.802 ns ; addr[0]     ; cache_row_memory_unit:inst1|lpm_dff2:word_0|lpm_ff:lpm_ff_component|dffs[10]     ; clock    ;
; N/A                                     ; None                                                ; -3.802 ns ; addr[0]     ; cache_row_memory_unit:inst1|lpm_dff2:word_0|lpm_ff:lpm_ff_component|dffs[0]      ; clock    ;
; N/A                                     ; None                                                ; -3.811 ns ; write_word  ; cache_row_memory_unit:inst1|lpm_dff7:valid_fl|lpm_ff:lpm_ff_component|dffs[0]    ; clock    ;
; N/A                                     ; None                                                ; -3.841 ns ; addr[0]     ; cache_row_memory_unit:inst1|lpm_dff2:word_1|lpm_ff:lpm_ff_component|dffs[13]     ; clock    ;
; N/A                                     ; None                                                ; -3.841 ns ; addr[0]     ; cache_row_memory_unit:inst1|lpm_dff2:word_1|lpm_ff:lpm_ff_component|dffs[12]     ; clock    ;
; N/A                                     ; None                                                ; -3.841 ns ; addr[0]     ; cache_row_memory_unit:inst1|lpm_dff2:word_1|lpm_ff:lpm_ff_component|dffs[10]     ; clock    ;
; N/A                                     ; None                                                ; -3.841 ns ; addr[0]     ; cache_row_memory_unit:inst1|lpm_dff2:word_1|lpm_ff:lpm_ff_component|dffs[0]      ; clock    ;
; N/A                                     ; None                                                ; -3.882 ns ; addr[1]     ; cache_row_memory_unit:inst1|lpm_dff2:word_1|lpm_ff:lpm_ff_component|dffs[15]     ; clock    ;
; N/A                                     ; None                                                ; -3.882 ns ; addr[1]     ; cache_row_memory_unit:inst1|lpm_dff2:word_1|lpm_ff:lpm_ff_component|dffs[14]     ; clock    ;
; N/A                                     ; None                                                ; -3.882 ns ; addr[1]     ; cache_row_memory_unit:inst1|lpm_dff2:word_1|lpm_ff:lpm_ff_component|dffs[11]     ; clock    ;
; N/A                                     ; None                                                ; -3.882 ns ; addr[1]     ; cache_row_memory_unit:inst1|lpm_dff2:word_1|lpm_ff:lpm_ff_component|dffs[2]      ; clock    ;
; N/A                                     ; None                                                ; -3.882 ns ; addr[1]     ; cache_row_memory_unit:inst1|lpm_dff2:word_1|lpm_ff:lpm_ff_component|dffs[1]      ; clock    ;
; N/A                                     ; None                                                ; -3.888 ns ; write_word  ; cache_row_memory_unit:inst1|lpm_dff2:word_2|lpm_ff:lpm_ff_component|dffs[2]      ; clock    ;
; N/A                                     ; None                                                ; -3.888 ns ; write_word  ; cache_row_memory_unit:inst1|lpm_dff2:word_2|lpm_ff:lpm_ff_component|dffs[1]      ; clock    ;
; N/A                                     ; None                                                ; -3.888 ns ; write_word  ; cache_row_memory_unit:inst1|lpm_dff2:word_2|lpm_ff:lpm_ff_component|dffs[0]      ; clock    ;
; N/A                                     ; None                                                ; -3.890 ns ; addr[1]     ; cache_row_memory_unit:inst1|lpm_dff2:word_0|lpm_ff:lpm_ff_component|dffs[2]      ; clock    ;
; N/A                                     ; None                                                ; -3.890 ns ; addr[1]     ; cache_row_memory_unit:inst1|lpm_dff2:word_0|lpm_ff:lpm_ff_component|dffs[1]      ; clock    ;
; N/A                                     ; None                                                ; -3.891 ns ; addr[1]     ; cache_row_memory_unit:inst1|lpm_dff2:word_3|lpm_ff:lpm_ff_component|dffs[6]      ; clock    ;
; N/A                                     ; None                                                ; -3.891 ns ; addr[1]     ; cache_row_memory_unit:inst1|lpm_dff2:word_3|lpm_ff:lpm_ff_component|dffs[5]      ; clock    ;
; N/A                                     ; None                                                ; -3.891 ns ; addr[1]     ; cache_row_memory_unit:inst1|lpm_dff2:word_3|lpm_ff:lpm_ff_component|dffs[2]      ; clock    ;
; N/A                                     ; None                                                ; -3.891 ns ; addr[1]     ; cache_row_memory_unit:inst1|lpm_dff2:word_3|lpm_ff:lpm_ff_component|dffs[1]      ; clock    ;
; N/A                                     ; None                                                ; -3.919 ns ; write_word  ; cache_row_memory_unit:inst1|lpm_dff2:word_0|lpm_ff:lpm_ff_component|dffs[13]     ; clock    ;
; N/A                                     ; None                                                ; -3.919 ns ; write_word  ; cache_row_memory_unit:inst1|lpm_dff2:word_3|lpm_ff:lpm_ff_component|dffs[13]     ; clock    ;
; N/A                                     ; None                                                ; -3.919 ns ; write_word  ; cache_row_memory_unit:inst1|lpm_dff2:word_0|lpm_ff:lpm_ff_component|dffs[12]     ; clock    ;
; N/A                                     ; None                                                ; -3.919 ns ; write_word  ; cache_row_memory_unit:inst1|lpm_dff2:word_3|lpm_ff:lpm_ff_component|dffs[12]     ; clock    ;
; N/A                                     ; None                                                ; -3.919 ns ; write_word  ; cache_row_memory_unit:inst1|lpm_dff2:word_0|lpm_ff:lpm_ff_component|dffs[10]     ; clock    ;
; N/A                                     ; None                                                ; -3.919 ns ; write_word  ; cache_row_memory_unit:inst1|lpm_dff2:word_3|lpm_ff:lpm_ff_component|dffs[10]     ; clock    ;
; N/A                                     ; None                                                ; -3.919 ns ; write_word  ; cache_row_memory_unit:inst1|lpm_dff2:word_0|lpm_ff:lpm_ff_component|dffs[0]      ; clock    ;
; N/A                                     ; None                                                ; -3.919 ns ; write_word  ; cache_row_memory_unit:inst1|lpm_dff2:word_3|lpm_ff:lpm_ff_component|dffs[0]      ; clock    ;
; N/A                                     ; None                                                ; -3.958 ns ; addr[0]     ; cache_row_memory_unit:inst1|lpm_dff2:word_3|lpm_ff:lpm_ff_component|dffs[4]      ; clock    ;
; N/A                                     ; None                                                ; -3.960 ns ; write_word  ; cache_row_memory_unit:inst1|lpm_dff2:word_1|lpm_ff:lpm_ff_component|dffs[13]     ; clock    ;
; N/A                                     ; None                                                ; -3.960 ns ; write_word  ; cache_row_memory_unit:inst1|lpm_dff2:word_1|lpm_ff:lpm_ff_component|dffs[12]     ; clock    ;
; N/A                                     ; None                                                ; -3.960 ns ; write_word  ; cache_row_memory_unit:inst1|lpm_dff2:word_1|lpm_ff:lpm_ff_component|dffs[10]     ; clock    ;
; N/A                                     ; None                                                ; -3.960 ns ; write_word  ; cache_row_memory_unit:inst1|lpm_dff2:word_1|lpm_ff:lpm_ff_component|dffs[0]      ; clock    ;
; N/A                                     ; None                                                ; -3.962 ns ; write_word  ; cache_row_memory_unit:inst1|lpm_dff7:dirty_boots|lpm_ff:lpm_ff_component|dffs[0] ; clock    ;
; N/A                                     ; None                                                ; -4.010 ns ; addr[0]     ; cache_row_memory_unit:inst1|lpm_dff2:word_2|lpm_ff:lpm_ff_component|dffs[13]     ; clock    ;
; N/A                                     ; None                                                ; -4.010 ns ; addr[0]     ; cache_row_memory_unit:inst1|lpm_dff2:word_2|lpm_ff:lpm_ff_component|dffs[12]     ; clock    ;
; N/A                                     ; None                                                ; -4.010 ns ; addr[0]     ; cache_row_memory_unit:inst1|lpm_dff2:word_2|lpm_ff:lpm_ff_component|dffs[10]     ; clock    ;
; N/A                                     ; None                                                ; -4.010 ns ; addr[0]     ; cache_row_memory_unit:inst1|lpm_dff2:word_2|lpm_ff:lpm_ff_component|dffs[9]      ; clock    ;
; N/A                                     ; None                                                ; -4.010 ns ; addr[0]     ; cache_row_memory_unit:inst1|lpm_dff2:word_2|lpm_ff:lpm_ff_component|dffs[8]      ; clock    ;
; N/A                                     ; None                                                ; -4.010 ns ; addr[0]     ; cache_row_memory_unit:inst1|lpm_dff2:word_2|lpm_ff:lpm_ff_component|dffs[7]      ; clock    ;
; N/A                                     ; None                                                ; -4.010 ns ; addr[0]     ; cache_row_memory_unit:inst1|lpm_dff2:word_2|lpm_ff:lpm_ff_component|dffs[6]      ; clock    ;
; N/A                                     ; None                                                ; -4.010 ns ; addr[0]     ; cache_row_memory_unit:inst1|lpm_dff2:word_2|lpm_ff:lpm_ff_component|dffs[5]      ; clock    ;
; N/A                                     ; None                                                ; -4.010 ns ; addr[0]     ; cache_row_memory_unit:inst1|lpm_dff2:word_2|lpm_ff:lpm_ff_component|dffs[4]      ; clock    ;
; N/A                                     ; None                                                ; -4.010 ns ; addr[0]     ; cache_row_memory_unit:inst1|lpm_dff2:word_2|lpm_ff:lpm_ff_component|dffs[3]      ; clock    ;
; N/A                                     ; None                                                ; -4.020 ns ; addr[0]     ; cache_row_memory_unit:inst1|lpm_dff2:word_0|lpm_ff:lpm_ff_component|dffs[6]      ; clock    ;
; N/A                                     ; None                                                ; -4.020 ns ; addr[0]     ; cache_row_memory_unit:inst1|lpm_dff2:word_0|lpm_ff:lpm_ff_component|dffs[5]      ; clock    ;
; N/A                                     ; None                                                ; -4.020 ns ; addr[0]     ; cache_row_memory_unit:inst1|lpm_dff2:word_0|lpm_ff:lpm_ff_component|dffs[4]      ; clock    ;
; N/A                                     ; None                                                ; -4.025 ns ; addr[0]     ; cache_row_memory_unit:inst1|lpm_dff2:word_3|lpm_ff:lpm_ff_component|dffs[9]      ; clock    ;
; N/A                                     ; None                                                ; -4.025 ns ; addr[0]     ; cache_row_memory_unit:inst1|lpm_dff2:word_3|lpm_ff:lpm_ff_component|dffs[8]      ; clock    ;
; N/A                                     ; None                                                ; -4.025 ns ; addr[0]     ; cache_row_memory_unit:inst1|lpm_dff2:word_3|lpm_ff:lpm_ff_component|dffs[7]      ; clock    ;
; N/A                                     ; None                                                ; -4.025 ns ; addr[0]     ; cache_row_memory_unit:inst1|lpm_dff2:word_3|lpm_ff:lpm_ff_component|dffs[3]      ; clock    ;
; N/A                                     ; None                                                ; -4.034 ns ; addr[0]     ; cache_row_memory_unit:inst1|lpm_dff2:word_1|lpm_ff:lpm_ff_component|dffs[6]      ; clock    ;
; N/A                                     ; None                                                ; -4.034 ns ; addr[0]     ; cache_row_memory_unit:inst1|lpm_dff2:word_1|lpm_ff:lpm_ff_component|dffs[5]      ; clock    ;
; N/A                                     ; None                                                ; -4.034 ns ; addr[0]     ; cache_row_memory_unit:inst1|lpm_dff2:word_1|lpm_ff:lpm_ff_component|dffs[4]      ; clock    ;
; N/A                                     ; None                                                ; -4.076 ns ; addr[1]     ; cache_row_memory_unit:inst1|lpm_dff2:word_2|lpm_ff:lpm_ff_component|dffs[2]      ; clock    ;
; N/A                                     ; None                                                ; -4.076 ns ; addr[1]     ; cache_row_memory_unit:inst1|lpm_dff2:word_2|lpm_ff:lpm_ff_component|dffs[1]      ; clock    ;
; Timing analysis restricted to 200 rows. ; To change the limit use Settings (Assignments menu) ;           ;             ;                                                                                  ;          ;
+-----------------------------------------+-----------------------------------------------------+-----------+-------------+----------------------------------------------------------------------------------+----------+


+--------------------------+
; Timing Analyzer Messages ;
+--------------------------+
Info: *******************************************************************
Info: Running Quartus II Classic Timing Analyzer
    Info: Version 9.1 Build 222 10/21/2009 SJ Web Edition
    Info: Processing started: Sat May 30 00:35:17 2026
Info: Command: quartus_tan --read_settings_files=off --write_settings_files=off SiFOVM_KP -c SiFOVM_KP --timing_analysis_only
Warning: Found combinational loop of 11 nodes
    Warning: Node "cache_row_controller_unit:inst|lpm_compare7:inst5|lpm_compare:lpm_compare_component|cmpr_ojg:auto_generated|aneb_result_wire[0]"
    Warning: Node "cache_row_controller_unit:inst|inst7~0"
    Warning: Node "cache_row_controller_unit:inst|lpm_compare7:inst5|lpm_compare:lpm_compare_component|cmpr_ojg:auto_generated|data_wire[2]~5"
    Warning: Node "cache_row_controller_unit:inst|lpm_compare7:inst5|lpm_compare:lpm_compare_component|cmpr_ojg:auto_generated|aneb_result_wire[0]~2"
    Warning: Node "cache_row_controller_unit:inst|lpm_compare7:inst5|lpm_compare:lpm_compare_component|cmpr_ojg:auto_generated|data_wire[5]~3"
    Warning: Node "cache_row_controller_unit:inst|lpm_compare7:inst5|lpm_compare:lpm_compare_component|cmpr_ojg:auto_generated|aneb_result_wire[0]~1"
    Warning: Node "cache_row_controller_unit:inst|inst7~1"
    Warning: Node "cache_row_controller_unit:inst|lpm_compare7:inst5|lpm_compare:lpm_compare_component|cmpr_ojg:auto_generated|data_wire[2]~4"
    Warning: Node "cache_row_controller_unit:inst|lpm_compare7:inst5|lpm_compare:lpm_compare_component|cmpr_ojg:auto_generated|data_wire[4]~1"
    Warning: Node "cache_row_controller_unit:inst|lpm_compare7:inst5|lpm_compare:lpm_compare_component|cmpr_ojg:auto_generated|data_wire[4]~0"
    Warning: Node "cache_row_controller_unit:inst|lpm_compare7:inst5|lpm_compare:lpm_compare_component|cmpr_ojg:auto_generated|data_wire[5]~2"
Warning: Found pins functioning as undefined clocks and/or memory enables
    Info: Assuming node "clock" is an undefined clock
Info: No valid register-to-register data paths exist for clock "clock"
Info: tsu for register "cache_row_memory_unit:inst1|lpm_dff2:word_1|lpm_ff:lpm_ff_component|dffs[9]" (data pin = "addr[1]", clock pin = "clock") is 4.791 ns
    Info: + Longest pin to register delay is 7.183 ns
        Info: 1: + IC(0.000 ns) + CELL(0.837 ns) = 0.837 ns; Loc. = PIN_Y14; Fanout = 20; PIN Node = 'addr[1]'
        Info: 2: + IC(4.554 ns) + CELL(0.053 ns) = 5.444 ns; Loc. = LCCOMB_X5_Y19_N28; Fanout = 16; COMB Node = 'cache_row_controller_unit:inst|lpm_decode6:inst4|lpm_decode:lpm_decode_component|decode_0sf:auto_generated|w_anode14w[2]'
        Info: 3: + IC(0.993 ns) + CELL(0.746 ns) = 7.183 ns; Loc. = LCFF_X10_Y20_N5; Fanout = 1; REG Node = 'cache_row_memory_unit:inst1|lpm_dff2:word_1|lpm_ff:lpm_ff_component|dffs[9]'
        Info: Total cell delay = 1.636 ns ( 22.78 % )
        Info: Total interconnect delay = 5.547 ns ( 77.22 % )
    Info: + Micro setup delay of destination is 0.090 ns
    Info: - Shortest clock path from clock "clock" to destination register is 2.482 ns
        Info: 1: + IC(0.000 ns) + CELL(0.854 ns) = 0.854 ns; Loc. = PIN_N20; Fanout = 1; CLK Node = 'clock'
        Info: 2: + IC(0.343 ns) + CELL(0.000 ns) = 1.197 ns; Loc. = CLKCTRL_G3; Fanout = 76; COMB Node = 'clock~clkctrl'
        Info: 3: + IC(0.667 ns) + CELL(0.618 ns) = 2.482 ns; Loc. = LCFF_X10_Y20_N5; Fanout = 1; REG Node = 'cache_row_memory_unit:inst1|lpm_dff2:word_1|lpm_ff:lpm_ff_component|dffs[9]'
        Info: Total cell delay = 1.472 ns ( 59.31 % )
        Info: Total interconnect delay = 1.010 ns ( 40.69 % )
Info: tco from clock "clock" to destination pin "word_out[11]" through register "cache_row_memory_unit:inst1|lpm_dff7:dirty_boots|lpm_ff:lpm_ff_component|dffs[0]" is 10.858 ns
    Info: + Longest clock path from clock "clock" to source register is 2.459 ns
        Info: 1: + IC(0.000 ns) + CELL(0.854 ns) = 0.854 ns; Loc. = PIN_N20; Fanout = 1; CLK Node = 'clock'
        Info: 2: + IC(0.343 ns) + CELL(0.000 ns) = 1.197 ns; Loc. = CLKCTRL_G3; Fanout = 76; COMB Node = 'clock~clkctrl'
        Info: 3: + IC(0.644 ns) + CELL(0.618 ns) = 2.459 ns; Loc. = LCFF_X1_Y7_N21; Fanout = 3; REG Node = 'cache_row_memory_unit:inst1|lpm_dff7:dirty_boots|lpm_ff:lpm_ff_component|dffs[0]'
        Info: Total cell delay = 1.472 ns ( 59.86 % )
        Info: Total interconnect delay = 0.987 ns ( 40.14 % )
    Info: + Micro clock to output delay of source is 0.094 ns
    Info: + Longest register to pin delay is 8.305 ns
        Info: 1: + IC(0.000 ns) + CELL(0.000 ns) = 0.000 ns; Loc. = LCFF_X1_Y7_N21; Fanout = 3; REG Node = 'cache_row_memory_unit:inst1|lpm_dff7:dirty_boots|lpm_ff:lpm_ff_component|dffs[0]'
        Info: 2: + IC(0.000 ns) + CELL(2.114 ns) = 2.114 ns; Loc. = LCCOMB_X1_Y7_N24; Fanout = 18; COMB LOOP Node = 'cache_row_controller_unit:inst|lpm_compare7:inst5|lpm_compare:lpm_compare_component|cmpr_ojg:auto_generated|aneb_result_wire[0]'
            Info: Loc. = LCCOMB_X1_Y7_N6; Node "cache_row_controller_unit:inst|lpm_compare7:inst5|lpm_compare:lpm_compare_component|cmpr_ojg:auto_generated|aneb_result_wire[0]~1"
            Info: Loc. = LCCOMB_X1_Y7_N12; Node "cache_row_controller_unit:inst|lpm_compare7:inst5|lpm_compare:lpm_compare_component|cmpr_ojg:auto_generated|aneb_result_wire[0]~2"
            Info: Loc. = LCCOMB_X2_Y7_N10; Node "cache_row_controller_unit:inst|inst7~1"
            Info: Loc. = LCCOMB_X1_Y7_N24; Node "cache_row_controller_unit:inst|lpm_compare7:inst5|lpm_compare:lpm_compare_component|cmpr_ojg:auto_generated|aneb_result_wire[0]"
            Info: Loc. = LCCOMB_X1_Y7_N28; Node "cache_row_controller_unit:inst|lpm_compare7:inst5|lpm_compare:lpm_compare_component|cmpr_ojg:auto_generated|data_wire[5]~2"
            Info: Loc. = LCCOMB_X1_Y7_N10; Node "cache_row_controller_unit:inst|lpm_compare7:inst5|lpm_compare:lpm_compare_component|cmpr_ojg:auto_generated|data_wire[4]~1"
            Info: Loc. = LCCOMB_X1_Y7_N30; Node "cache_row_controller_unit:inst|lpm_compare7:inst5|lpm_compare:lpm_compare_component|cmpr_ojg:auto_generated|data_wire[2]~4"
            Info: Loc. = LCCOMB_X1_Y7_N8; Node "cache_row_controller_unit:inst|lpm_compare7:inst5|lpm_compare:lpm_compare_component|cmpr_ojg:auto_generated|data_wire[4]~0"
            Info: Loc. = LCCOMB_X1_Y7_N2; Node "cache_row_controller_unit:inst|lpm_compare7:inst5|lpm_compare:lpm_compare_component|cmpr_ojg:auto_generated|data_wire[5]~3"
            Info: Loc. = LCCOMB_X1_Y7_N16; Node "cache_row_controller_unit:inst|inst7~0"
            Info: Loc. = LCCOMB_X1_Y7_N0; Node "cache_row_controller_unit:inst|lpm_compare7:inst5|lpm_compare:lpm_compare_component|cmpr_ojg:auto_generated|data_wire[2]~5"
        Info: 3: + IC(1.514 ns) + CELL(0.272 ns) = 3.900 ns; Loc. = LCCOMB_X5_Y19_N22; Fanout = 1; COMB Node = 'cache_row_memory_unit:inst1|busmux:inst14|lpm_mux:$00000|mux_dpc:auto_generated|l1_w11_n0_mux_dataout~0'
        Info: 4: + IC(2.261 ns) + CELL(2.144 ns) = 8.305 ns; Loc. = PIN_J2; Fanout = 0; PIN Node = 'word_out[11]'
        Info: Total cell delay = 4.530 ns ( 54.55 % )
        Info: Total interconnect delay = 3.775 ns ( 45.45 % )
Info: Longest tpd from source pin "rind[0]" to destination pin "word_out[11]" is 13.383 ns
    Info: 1: + IC(0.000 ns) + CELL(0.810 ns) = 0.810 ns; Loc. = PIN_P18; Fanout = 1; PIN Node = 'rind[0]'
    Info: 2: + IC(3.899 ns) + CELL(0.366 ns) = 5.075 ns; Loc. = LCCOMB_X2_Y7_N22; Fanout = 10; COMB Node = 'cache_row_controller_unit:inst|lpm_compare1:inst6|lpm_compare:lpm_compare_component|cmpr_big:auto_generated|data_wire[0]~1'
    Info: 3: + IC(0.000 ns) + CELL(2.117 ns) = 7.192 ns; Loc. = LCCOMB_X1_Y7_N24; Fanout = 18; COMB LOOP Node = 'cache_row_controller_unit:inst|lpm_compare7:inst5|lpm_compare:lpm_compare_component|cmpr_ojg:auto_generated|aneb_result_wire[0]'
        Info: Loc. = LCCOMB_X1_Y7_N6; Node "cache_row_controller_unit:inst|lpm_compare7:inst5|lpm_compare:lpm_compare_component|cmpr_ojg:auto_generated|aneb_result_wire[0]~1"
        Info: Loc. = LCCOMB_X1_Y7_N12; Node "cache_row_controller_unit:inst|lpm_compare7:inst5|lpm_compare:lpm_compare_component|cmpr_ojg:auto_generated|aneb_result_wire[0]~2"
        Info: Loc. = LCCOMB_X2_Y7_N10; Node "cache_row_controller_unit:inst|inst7~1"
        Info: Loc. = LCCOMB_X1_Y7_N24; Node "cache_row_controller_unit:inst|lpm_compare7:inst5|lpm_compare:lpm_compare_component|cmpr_ojg:auto_generated|aneb_result_wire[0]"
        Info: Loc. = LCCOMB_X1_Y7_N28; Node "cache_row_controller_unit:inst|lpm_compare7:inst5|lpm_compare:lpm_compare_component|cmpr_ojg:auto_generated|data_wire[5]~2"
        Info: Loc. = LCCOMB_X1_Y7_N10; Node "cache_row_controller_unit:inst|lpm_compare7:inst5|lpm_compare:lpm_compare_component|cmpr_ojg:auto_generated|data_wire[4]~1"
        Info: Loc. = LCCOMB_X1_Y7_N30; Node "cache_row_controller_unit:inst|lpm_compare7:inst5|lpm_compare:lpm_compare_component|cmpr_ojg:auto_generated|data_wire[2]~4"
        Info: Loc. = LCCOMB_X1_Y7_N8; Node "cache_row_controller_unit:inst|lpm_compare7:inst5|lpm_compare:lpm_compare_component|cmpr_ojg:auto_generated|data_wire[4]~0"
        Info: Loc. = LCCOMB_X1_Y7_N2; Node "cache_row_controller_unit:inst|lpm_compare7:inst5|lpm_compare:lpm_compare_component|cmpr_ojg:auto_generated|data_wire[5]~3"
        Info: Loc. = LCCOMB_X1_Y7_N16; Node "cache_row_controller_unit:inst|inst7~0"
        Info: Loc. = LCCOMB_X1_Y7_N0; Node "cache_row_controller_unit:inst|lpm_compare7:inst5|lpm_compare:lpm_compare_component|cmpr_ojg:auto_generated|data_wire[2]~5"
    Info: 4: + IC(1.514 ns) + CELL(0.272 ns) = 8.978 ns; Loc. = LCCOMB_X5_Y19_N22; Fanout = 1; COMB Node = 'cache_row_memory_unit:inst1|busmux:inst14|lpm_mux:$00000|mux_dpc:auto_generated|l1_w11_n0_mux_dataout~0'
    Info: 5: + IC(2.261 ns) + CELL(2.144 ns) = 13.383 ns; Loc. = PIN_J2; Fanout = 0; PIN Node = 'word_out[11]'
    Info: Total cell delay = 5.709 ns ( 42.66 % )
    Info: Total interconnect delay = 7.674 ns ( 57.34 % )
Info: th for register "cache_row_memory_unit:inst1|lpm_dff3:tag|lpm_ff:lpm_ff_component|dffs[1]" (data pin = "addr[7]", clock pin = "clock") is -1.958 ns
    Info: + Longest clock path from clock "clock" to destination register is 2.459 ns
        Info: 1: + IC(0.000 ns) + CELL(0.854 ns) = 0.854 ns; Loc. = PIN_N20; Fanout = 1; CLK Node = 'clock'
        Info: 2: + IC(0.343 ns) + CELL(0.000 ns) = 1.197 ns; Loc. = CLKCTRL_G3; Fanout = 76; COMB Node = 'clock~clkctrl'
        Info: 3: + IC(0.644 ns) + CELL(0.618 ns) = 2.459 ns; Loc. = LCFF_X1_Y7_N31; Fanout = 4; REG Node = 'cache_row_memory_unit:inst1|lpm_dff3:tag|lpm_ff:lpm_ff_component|dffs[1]'
        Info: Total cell delay = 1.472 ns ( 59.86 % )
        Info: Total interconnect delay = 0.987 ns ( 40.14 % )
    Info: + Micro hold delay of destination is 0.149 ns
    Info: - Shortest pin to register delay is 4.566 ns
        Info: 1: + IC(0.000 ns) + CELL(0.790 ns) = 0.790 ns; Loc. = PIN_P17; Fanout = 4; PIN Node = 'addr[7]'
        Info: 2: + IC(3.467 ns) + CELL(0.309 ns) = 4.566 ns; Loc. = LCFF_X1_Y7_N31; Fanout = 4; REG Node = 'cache_row_memory_unit:inst1|lpm_dff3:tag|lpm_ff:lpm_ff_component|dffs[1]'
        Info: Total cell delay = 1.099 ns ( 24.07 % )
        Info: Total interconnect delay = 3.467 ns ( 75.93 % )
Info: Quartus II Classic Timing Analyzer was successful. 0 errors, 13 warnings
    Info: Peak virtual memory: 195 megabytes
    Info: Processing ended: Sat May 30 00:35:18 2026
    Info: Elapsed time: 00:00:01
    Info: Total CPU time (on all processors): 00:00:01


