Simulator report for SiFOVM_KP
Sat May 30 01:15:24 2026
Quartus II Version 9.1 Build 222 10/21/2009 SJ Web Edition


---------------------
; Table of Contents ;
---------------------
  1. Legal Notice
  2. Simulator Summary
  3. Simulator Settings
  4. Simulation Waveforms
  5. Coverage Summary
  6. Complete 1/0-Value Coverage
  7. Missing 1-Value Coverage
  8. Missing 0-Value Coverage
  9. Simulator INI Usage
 10. Simulator Messages



----------------
; Legal Notice ;
----------------
Copyright (C) 1991-2009 Altera Corporation
Your use of Altera Corporation's design tools, logic functions 
and other software and tools, and its AMPP partner logic 
functions, and any output files from any of the foregoing 
(including device programming or simulation files), and any 
associated documentation or information are expressly subject 
to the terms and conditions of the Altera Program License 
Subscription Agreement, Altera MegaCore Function License 
Agreement, or other applicable license agreement, including, 
without limitation, that your use is for the sole purpose of 
programming logic devices manufactured by Altera and sold by 
Altera or its authorized distributors.  Please refer to the 
applicable agreement for further details.



+--------------------------------------------+
; Simulator Summary                          ;
+-----------------------------+--------------+
; Type                        ; Value        ;
+-----------------------------+--------------+
; Simulation Start Time       ; 0 ps         ;
; Simulation End Time         ; 1.0 us       ;
; Simulation Netlist Size     ; 385 nodes    ;
; Simulation Coverage         ;      34.03 % ;
; Total Number of Transitions ; 1451         ;
; Simulation Breakpoints      ; 0            ;
; Family                      ; Stratix II   ;
+-----------------------------+--------------+


+---------------------------------------------------------------------------------------------------------------------------------+
; Simulator Settings                                                                                                              ;
+--------------------------------------------------------------------------------------------+--------------------+---------------+
; Option                                                                                     ; Setting            ; Default Value ;
+--------------------------------------------------------------------------------------------+--------------------+---------------+
; Simulation mode                                                                            ; Functional         ; Timing        ;
; Start time                                                                                 ; 0 ns               ; 0 ns          ;
; Simulation results format                                                                  ; CVWF               ;               ;
; Vector input source                                                                        ; cache_row_unit.vwf ;               ;
; Add pins automatically to simulation output waveforms                                      ; On                 ; On            ;
; Check outputs                                                                              ; Off                ; Off           ;
; Report simulation coverage                                                                 ; On                 ; On            ;
; Display complete 1/0 value coverage report                                                 ; On                 ; On            ;
; Display missing 1-value coverage report                                                    ; On                 ; On            ;
; Display missing 0-value coverage report                                                    ; On                 ; On            ;
; Detect setup and hold time violations                                                      ; Off                ; Off           ;
; Detect glitches                                                                            ; Off                ; Off           ;
; Disable timing delays in Timing Simulation                                                 ; Off                ; Off           ;
; Generate Signal Activity File                                                              ; Off                ; Off           ;
; Generate VCD File for PowerPlay Power Analyzer                                             ; Off                ; Off           ;
; Group bus channels in simulation results                                                   ; Off                ; Off           ;
; Preserve fewer signal transitions to reduce memory requirements                            ; On                 ; On            ;
; Trigger vector comparison with the specified mode                                          ; INPUT_EDGE         ; INPUT_EDGE    ;
; Disable setup and hold time violations detection in input registers of bi-directional pins ; Off                ; Off           ;
; Overwrite Waveform Inputs With Simulation Outputs                                          ; Off                ;               ;
; Perform Glitch Filtering in Timing Simulation                                              ; Auto               ; Auto          ;
+--------------------------------------------------------------------------------------------+--------------------+---------------+


+----------------------+
; Simulation Waveforms ;
+----------------------+
Waveform report data cannot be output to ASCII.
Please use Quartus II to view the waveform report data.


+--------------------------------------------------------------------+
; Coverage Summary                                                   ;
+-----------------------------------------------------+--------------+
; Type                                                ; Value        ;
+-----------------------------------------------------+--------------+
; Total coverage as a percentage                      ;      34.03 % ;
; Total nodes checked                                 ; 385          ;
; Total output ports checked                          ; 385          ;
; Total output ports with complete 1/0-value coverage ; 131          ;
; Total output ports with no 1/0-value coverage       ; 194          ;
; Total output ports with no 1-value coverage         ; 226          ;
; Total output ports with no 0-value coverage         ; 222          ;
+-----------------------------------------------------+--------------+


The following table displays output ports that toggle between 1 and 0 during simulation.
+----------------------------------------------------------------------------------------------------------------------------------------------------------------------------------------------------------------------------------------------------------------------------------------------------------------------+
; Complete 1/0-Value Coverage                                                                                                                                                                                                                                                                                          ;
+-------------------------------------------------------------------------------------------------------------------------------------------------+-------------------------------------------------------------------------------------------------------------------------------------------------+------------------+
; Node Name                                                                                                                                       ; Output Port Name                                                                                                                                ; Output Port Type ;
+-------------------------------------------------------------------------------------------------------------------------------------------------+-------------------------------------------------------------------------------------------------------------------------------------------------+------------------+
; |cache_row_unit|hit_row                                                                                                                         ; |cache_row_unit|hit_row                                                                                                                         ; pin_out          ;
; |cache_row_unit|clock                                                                                                                           ; |cache_row_unit|clock                                                                                                                           ; out              ;
; |cache_row_unit|write_RAM                                                                                                                       ; |cache_row_unit|write_RAM                                                                                                                       ; pin_out          ;
; |cache_row_unit|word_in[6]                                                                                                                      ; |cache_row_unit|word_in[6]                                                                                                                      ; out              ;
; |cache_row_unit|word_in[5]                                                                                                                      ; |cache_row_unit|word_in[5]                                                                                                                      ; out              ;
; |cache_row_unit|word_in[4]                                                                                                                      ; |cache_row_unit|word_in[4]                                                                                                                      ; out              ;
; |cache_row_unit|word_in[3]                                                                                                                      ; |cache_row_unit|word_in[3]                                                                                                                      ; out              ;
; |cache_row_unit|word_in[2]                                                                                                                      ; |cache_row_unit|word_in[2]                                                                                                                      ; out              ;
; |cache_row_unit|word_in[1]                                                                                                                      ; |cache_row_unit|word_in[1]                                                                                                                      ; out              ;
; |cache_row_unit|word_in[0]                                                                                                                      ; |cache_row_unit|word_in[0]                                                                                                                      ; out              ;
; |cache_row_unit|write_word                                                                                                                      ; |cache_row_unit|write_word                                                                                                                      ; out              ;
; |cache_row_unit|cpu_write                                                                                                                       ; |cache_row_unit|cpu_write                                                                                                                       ; out              ;
; |cache_row_unit|addr[9]                                                                                                                         ; |cache_row_unit|addr[9]                                                                                                                         ; out              ;
; |cache_row_unit|addr[8]                                                                                                                         ; |cache_row_unit|addr[8]                                                                                                                         ; out              ;
; |cache_row_unit|addr[7]                                                                                                                         ; |cache_row_unit|addr[7]                                                                                                                         ; out              ;
; |cache_row_unit|addr[6]                                                                                                                         ; |cache_row_unit|addr[6]                                                                                                                         ; out              ;
; |cache_row_unit|addr[3]                                                                                                                         ; |cache_row_unit|addr[3]                                                                                                                         ; out              ;
; |cache_row_unit|addr[1]                                                                                                                         ; |cache_row_unit|addr[1]                                                                                                                         ; out              ;
; |cache_row_unit|addr[0]                                                                                                                         ; |cache_row_unit|addr[0]                                                                                                                         ; out              ;
; |cache_row_unit|in_use                                                                                                                          ; |cache_row_unit|in_use                                                                                                                          ; pin_out          ;
; |cache_row_unit|word_in_RAM[6]                                                                                                                  ; |cache_row_unit|word_in_RAM[6]                                                                                                                  ; pin_out          ;
; |cache_row_unit|word_in_RAM[4]                                                                                                                  ; |cache_row_unit|word_in_RAM[4]                                                                                                                  ; pin_out          ;
; |cache_row_unit|word_in_RAM[2]                                                                                                                  ; |cache_row_unit|word_in_RAM[2]                                                                                                                  ; pin_out          ;
; |cache_row_unit|word_in_RAM[1]                                                                                                                  ; |cache_row_unit|word_in_RAM[1]                                                                                                                  ; pin_out          ;
; |cache_row_unit|word_in_RAM[0]                                                                                                                  ; |cache_row_unit|word_in_RAM[0]                                                                                                                  ; pin_out          ;
; |cache_row_unit|word_out[6]                                                                                                                     ; |cache_row_unit|word_out[6]                                                                                                                     ; pin_out          ;
; |cache_row_unit|word_out[5]                                                                                                                     ; |cache_row_unit|word_out[5]                                                                                                                     ; pin_out          ;
; |cache_row_unit|word_out[4]                                                                                                                     ; |cache_row_unit|word_out[4]                                                                                                                     ; pin_out          ;
; |cache_row_unit|word_out[3]                                                                                                                     ; |cache_row_unit|word_out[3]                                                                                                                     ; pin_out          ;
; |cache_row_unit|word_out[2]                                                                                                                     ; |cache_row_unit|word_out[2]                                                                                                                     ; pin_out          ;
; |cache_row_unit|word_out[1]                                                                                                                     ; |cache_row_unit|word_out[1]                                                                                                                     ; pin_out          ;
; |cache_row_unit|word_out[0]                                                                                                                     ; |cache_row_unit|word_out[0]                                                                                                                     ; pin_out          ;
; |cache_row_unit|cache_row_memory_unit:inst1|busmux:inst14|lpm_mux:$00000|mux_dpc:auto_generated|l1_w0_n0_mux_dataout~0                          ; |cache_row_unit|cache_row_memory_unit:inst1|busmux:inst14|lpm_mux:$00000|mux_dpc:auto_generated|l1_w0_n0_mux_dataout~0                          ; out0             ;
; |cache_row_unit|cache_row_memory_unit:inst1|busmux:inst14|lpm_mux:$00000|mux_dpc:auto_generated|l1_w1_n0_mux_dataout~0                          ; |cache_row_unit|cache_row_memory_unit:inst1|busmux:inst14|lpm_mux:$00000|mux_dpc:auto_generated|l1_w1_n0_mux_dataout~0                          ; out0             ;
; |cache_row_unit|cache_row_memory_unit:inst1|busmux:inst14|lpm_mux:$00000|mux_dpc:auto_generated|l1_w2_n0_mux_dataout~0                          ; |cache_row_unit|cache_row_memory_unit:inst1|busmux:inst14|lpm_mux:$00000|mux_dpc:auto_generated|l1_w2_n0_mux_dataout~0                          ; out0             ;
; |cache_row_unit|cache_row_memory_unit:inst1|busmux:inst14|lpm_mux:$00000|mux_dpc:auto_generated|l1_w3_n0_mux_dataout~0                          ; |cache_row_unit|cache_row_memory_unit:inst1|busmux:inst14|lpm_mux:$00000|mux_dpc:auto_generated|l1_w3_n0_mux_dataout~0                          ; out0             ;
; |cache_row_unit|cache_row_memory_unit:inst1|busmux:inst14|lpm_mux:$00000|mux_dpc:auto_generated|l1_w4_n0_mux_dataout~0                          ; |cache_row_unit|cache_row_memory_unit:inst1|busmux:inst14|lpm_mux:$00000|mux_dpc:auto_generated|l1_w4_n0_mux_dataout~0                          ; out0             ;
; |cache_row_unit|cache_row_memory_unit:inst1|busmux:inst14|lpm_mux:$00000|mux_dpc:auto_generated|l1_w5_n0_mux_dataout~0                          ; |cache_row_unit|cache_row_memory_unit:inst1|busmux:inst14|lpm_mux:$00000|mux_dpc:auto_generated|l1_w5_n0_mux_dataout~0                          ; out0             ;
; |cache_row_unit|cache_row_memory_unit:inst1|busmux:inst14|lpm_mux:$00000|mux_dpc:auto_generated|l1_w6_n0_mux_dataout~0                          ; |cache_row_unit|cache_row_memory_unit:inst1|busmux:inst14|lpm_mux:$00000|mux_dpc:auto_generated|l1_w6_n0_mux_dataout~0                          ; out0             ;
; |cache_row_unit|cache_row_memory_unit:inst1|lpm_dff2:word_3|lpm_ff:lpm_ff_component|dffs[1]                                                     ; |cache_row_unit|cache_row_memory_unit:inst1|lpm_dff2:word_3|lpm_ff:lpm_ff_component|dffs[1]                                                     ; regout           ;
; |cache_row_unit|cache_row_memory_unit:inst1|lpm_dff2:word_3|lpm_ff:lpm_ff_component|dffs[0]                                                     ; |cache_row_unit|cache_row_memory_unit:inst1|lpm_dff2:word_3|lpm_ff:lpm_ff_component|dffs[0]                                                     ; regout           ;
; |cache_row_unit|cache_row_memory_unit:inst1|lpm_dff2:word_2|lpm_ff:lpm_ff_component|dffs[6]                                                     ; |cache_row_unit|cache_row_memory_unit:inst1|lpm_dff2:word_2|lpm_ff:lpm_ff_component|dffs[6]                                                     ; regout           ;
; |cache_row_unit|cache_row_memory_unit:inst1|lpm_dff2:word_2|lpm_ff:lpm_ff_component|dffs[4]                                                     ; |cache_row_unit|cache_row_memory_unit:inst1|lpm_dff2:word_2|lpm_ff:lpm_ff_component|dffs[4]                                                     ; regout           ;
; |cache_row_unit|cache_row_memory_unit:inst1|lpm_dff2:word_2|lpm_ff:lpm_ff_component|dffs[1]                                                     ; |cache_row_unit|cache_row_memory_unit:inst1|lpm_dff2:word_2|lpm_ff:lpm_ff_component|dffs[1]                                                     ; regout           ;
; |cache_row_unit|cache_row_memory_unit:inst1|lpm_dff2:word_2|lpm_ff:lpm_ff_component|dffs[0]                                                     ; |cache_row_unit|cache_row_memory_unit:inst1|lpm_dff2:word_2|lpm_ff:lpm_ff_component|dffs[0]                                                     ; regout           ;
; |cache_row_unit|cache_row_memory_unit:inst1|lpm_dff2:word_1|lpm_ff:lpm_ff_component|dffs[5]                                                     ; |cache_row_unit|cache_row_memory_unit:inst1|lpm_dff2:word_1|lpm_ff:lpm_ff_component|dffs[5]                                                     ; regout           ;
; |cache_row_unit|cache_row_memory_unit:inst1|lpm_dff2:word_1|lpm_ff:lpm_ff_component|dffs[0]                                                     ; |cache_row_unit|cache_row_memory_unit:inst1|lpm_dff2:word_1|lpm_ff:lpm_ff_component|dffs[0]                                                     ; regout           ;
; |cache_row_unit|cache_row_memory_unit:inst1|lpm_dff2:word_0|lpm_ff:lpm_ff_component|dffs[4]                                                     ; |cache_row_unit|cache_row_memory_unit:inst1|lpm_dff2:word_0|lpm_ff:lpm_ff_component|dffs[4]                                                     ; regout           ;
; |cache_row_unit|cache_row_memory_unit:inst1|lpm_dff2:word_0|lpm_ff:lpm_ff_component|dffs[2]                                                     ; |cache_row_unit|cache_row_memory_unit:inst1|lpm_dff2:word_0|lpm_ff:lpm_ff_component|dffs[2]                                                     ; regout           ;
; |cache_row_unit|cache_row_memory_unit:inst1|lpm_mux7:inst|lpm_mux:lpm_mux_component|mux_r5e:auto_generated|l1_w0_n0_mux_dataout~0               ; |cache_row_unit|cache_row_memory_unit:inst1|lpm_mux7:inst|lpm_mux:lpm_mux_component|mux_r5e:auto_generated|l1_w0_n0_mux_dataout~0               ; out0             ;
; |cache_row_unit|cache_row_memory_unit:inst1|lpm_mux7:inst|lpm_mux:lpm_mux_component|mux_r5e:auto_generated|l1_w0_n0_mux_dataout~1               ; |cache_row_unit|cache_row_memory_unit:inst1|lpm_mux7:inst|lpm_mux:lpm_mux_component|mux_r5e:auto_generated|l1_w0_n0_mux_dataout~1               ; out0             ;
; |cache_row_unit|cache_row_memory_unit:inst1|lpm_mux7:inst|lpm_mux:lpm_mux_component|mux_r5e:auto_generated|l1_w0_n0_mux_dataout                 ; |cache_row_unit|cache_row_memory_unit:inst1|lpm_mux7:inst|lpm_mux:lpm_mux_component|mux_r5e:auto_generated|l1_w0_n0_mux_dataout                 ; out0             ;
; |cache_row_unit|cache_row_memory_unit:inst1|lpm_mux7:inst|lpm_mux:lpm_mux_component|mux_r5e:auto_generated|l1_w0_n1_mux_dataout~0               ; |cache_row_unit|cache_row_memory_unit:inst1|lpm_mux7:inst|lpm_mux:lpm_mux_component|mux_r5e:auto_generated|l1_w0_n1_mux_dataout~0               ; out0             ;
; |cache_row_unit|cache_row_memory_unit:inst1|lpm_mux7:inst|lpm_mux:lpm_mux_component|mux_r5e:auto_generated|l1_w0_n1_mux_dataout~1               ; |cache_row_unit|cache_row_memory_unit:inst1|lpm_mux7:inst|lpm_mux:lpm_mux_component|mux_r5e:auto_generated|l1_w0_n1_mux_dataout~1               ; out0             ;
; |cache_row_unit|cache_row_memory_unit:inst1|lpm_mux7:inst|lpm_mux:lpm_mux_component|mux_r5e:auto_generated|l1_w0_n1_mux_dataout                 ; |cache_row_unit|cache_row_memory_unit:inst1|lpm_mux7:inst|lpm_mux:lpm_mux_component|mux_r5e:auto_generated|l1_w0_n1_mux_dataout                 ; out0             ;
; |cache_row_unit|cache_row_memory_unit:inst1|lpm_mux7:inst|lpm_mux:lpm_mux_component|mux_r5e:auto_generated|l1_w1_n0_mux_dataout~0               ; |cache_row_unit|cache_row_memory_unit:inst1|lpm_mux7:inst|lpm_mux:lpm_mux_component|mux_r5e:auto_generated|l1_w1_n0_mux_dataout~0               ; out0             ;
; |cache_row_unit|cache_row_memory_unit:inst1|lpm_mux7:inst|lpm_mux:lpm_mux_component|mux_r5e:auto_generated|l1_w1_n0_mux_dataout~1               ; |cache_row_unit|cache_row_memory_unit:inst1|lpm_mux7:inst|lpm_mux:lpm_mux_component|mux_r5e:auto_generated|l1_w1_n0_mux_dataout~1               ; out0             ;
; |cache_row_unit|cache_row_memory_unit:inst1|lpm_mux7:inst|lpm_mux:lpm_mux_component|mux_r5e:auto_generated|l1_w1_n0_mux_dataout                 ; |cache_row_unit|cache_row_memory_unit:inst1|lpm_mux7:inst|lpm_mux:lpm_mux_component|mux_r5e:auto_generated|l1_w1_n0_mux_dataout                 ; out0             ;
; |cache_row_unit|cache_row_memory_unit:inst1|lpm_mux7:inst|lpm_mux:lpm_mux_component|mux_r5e:auto_generated|l1_w1_n1_mux_dataout~0               ; |cache_row_unit|cache_row_memory_unit:inst1|lpm_mux7:inst|lpm_mux:lpm_mux_component|mux_r5e:auto_generated|l1_w1_n1_mux_dataout~0               ; out0             ;
; |cache_row_unit|cache_row_memory_unit:inst1|lpm_mux7:inst|lpm_mux:lpm_mux_component|mux_r5e:auto_generated|l1_w1_n1_mux_dataout~1               ; |cache_row_unit|cache_row_memory_unit:inst1|lpm_mux7:inst|lpm_mux:lpm_mux_component|mux_r5e:auto_generated|l1_w1_n1_mux_dataout~1               ; out0             ;
; |cache_row_unit|cache_row_memory_unit:inst1|lpm_mux7:inst|lpm_mux:lpm_mux_component|mux_r5e:auto_generated|l1_w1_n1_mux_dataout                 ; |cache_row_unit|cache_row_memory_unit:inst1|lpm_mux7:inst|lpm_mux:lpm_mux_component|mux_r5e:auto_generated|l1_w1_n1_mux_dataout                 ; out0             ;
; |cache_row_unit|cache_row_memory_unit:inst1|lpm_mux7:inst|lpm_mux:lpm_mux_component|mux_r5e:auto_generated|l1_w2_n0_mux_dataout~0               ; |cache_row_unit|cache_row_memory_unit:inst1|lpm_mux7:inst|lpm_mux:lpm_mux_component|mux_r5e:auto_generated|l1_w2_n0_mux_dataout~0               ; out0             ;
; |cache_row_unit|cache_row_memory_unit:inst1|lpm_mux7:inst|lpm_mux:lpm_mux_component|mux_r5e:auto_generated|l1_w2_n0_mux_dataout~1               ; |cache_row_unit|cache_row_memory_unit:inst1|lpm_mux7:inst|lpm_mux:lpm_mux_component|mux_r5e:auto_generated|l1_w2_n0_mux_dataout~1               ; out0             ;
; |cache_row_unit|cache_row_memory_unit:inst1|lpm_mux7:inst|lpm_mux:lpm_mux_component|mux_r5e:auto_generated|l1_w2_n0_mux_dataout                 ; |cache_row_unit|cache_row_memory_unit:inst1|lpm_mux7:inst|lpm_mux:lpm_mux_component|mux_r5e:auto_generated|l1_w2_n0_mux_dataout                 ; out0             ;
; |cache_row_unit|cache_row_memory_unit:inst1|lpm_mux7:inst|lpm_mux:lpm_mux_component|mux_r5e:auto_generated|l1_w2_n1_mux_dataout~1               ; |cache_row_unit|cache_row_memory_unit:inst1|lpm_mux7:inst|lpm_mux:lpm_mux_component|mux_r5e:auto_generated|l1_w2_n1_mux_dataout~1               ; out0             ;
; |cache_row_unit|cache_row_memory_unit:inst1|lpm_mux7:inst|lpm_mux:lpm_mux_component|mux_r5e:auto_generated|l1_w2_n1_mux_dataout                 ; |cache_row_unit|cache_row_memory_unit:inst1|lpm_mux7:inst|lpm_mux:lpm_mux_component|mux_r5e:auto_generated|l1_w2_n1_mux_dataout                 ; out0             ;
; |cache_row_unit|cache_row_memory_unit:inst1|lpm_mux7:inst|lpm_mux:lpm_mux_component|mux_r5e:auto_generated|l1_w3_n0_mux_dataout~0               ; |cache_row_unit|cache_row_memory_unit:inst1|lpm_mux7:inst|lpm_mux:lpm_mux_component|mux_r5e:auto_generated|l1_w3_n0_mux_dataout~0               ; out0             ;
; |cache_row_unit|cache_row_memory_unit:inst1|lpm_mux7:inst|lpm_mux:lpm_mux_component|mux_r5e:auto_generated|l1_w3_n0_mux_dataout~1               ; |cache_row_unit|cache_row_memory_unit:inst1|lpm_mux7:inst|lpm_mux:lpm_mux_component|mux_r5e:auto_generated|l1_w3_n0_mux_dataout~1               ; out0             ;
; |cache_row_unit|cache_row_memory_unit:inst1|lpm_mux7:inst|lpm_mux:lpm_mux_component|mux_r5e:auto_generated|l1_w3_n0_mux_dataout                 ; |cache_row_unit|cache_row_memory_unit:inst1|lpm_mux7:inst|lpm_mux:lpm_mux_component|mux_r5e:auto_generated|l1_w3_n0_mux_dataout                 ; out0             ;
; |cache_row_unit|cache_row_memory_unit:inst1|lpm_mux7:inst|lpm_mux:lpm_mux_component|mux_r5e:auto_generated|l1_w3_n1_mux_dataout~0               ; |cache_row_unit|cache_row_memory_unit:inst1|lpm_mux7:inst|lpm_mux:lpm_mux_component|mux_r5e:auto_generated|l1_w3_n1_mux_dataout~0               ; out0             ;
; |cache_row_unit|cache_row_memory_unit:inst1|lpm_mux7:inst|lpm_mux:lpm_mux_component|mux_r5e:auto_generated|l1_w3_n1_mux_dataout~1               ; |cache_row_unit|cache_row_memory_unit:inst1|lpm_mux7:inst|lpm_mux:lpm_mux_component|mux_r5e:auto_generated|l1_w3_n1_mux_dataout~1               ; out0             ;
; |cache_row_unit|cache_row_memory_unit:inst1|lpm_mux7:inst|lpm_mux:lpm_mux_component|mux_r5e:auto_generated|l1_w3_n1_mux_dataout                 ; |cache_row_unit|cache_row_memory_unit:inst1|lpm_mux7:inst|lpm_mux:lpm_mux_component|mux_r5e:auto_generated|l1_w3_n1_mux_dataout                 ; out0             ;
; |cache_row_unit|cache_row_memory_unit:inst1|lpm_mux7:inst|lpm_mux:lpm_mux_component|mux_r5e:auto_generated|l1_w4_n0_mux_dataout~1               ; |cache_row_unit|cache_row_memory_unit:inst1|lpm_mux7:inst|lpm_mux:lpm_mux_component|mux_r5e:auto_generated|l1_w4_n0_mux_dataout~1               ; out0             ;
; |cache_row_unit|cache_row_memory_unit:inst1|lpm_mux7:inst|lpm_mux:lpm_mux_component|mux_r5e:auto_generated|l1_w4_n0_mux_dataout                 ; |cache_row_unit|cache_row_memory_unit:inst1|lpm_mux7:inst|lpm_mux:lpm_mux_component|mux_r5e:auto_generated|l1_w4_n0_mux_dataout                 ; out0             ;
; |cache_row_unit|cache_row_memory_unit:inst1|lpm_mux7:inst|lpm_mux:lpm_mux_component|mux_r5e:auto_generated|l1_w4_n1_mux_dataout~0               ; |cache_row_unit|cache_row_memory_unit:inst1|lpm_mux7:inst|lpm_mux:lpm_mux_component|mux_r5e:auto_generated|l1_w4_n1_mux_dataout~0               ; out0             ;
; |cache_row_unit|cache_row_memory_unit:inst1|lpm_mux7:inst|lpm_mux:lpm_mux_component|mux_r5e:auto_generated|l1_w4_n1_mux_dataout~1               ; |cache_row_unit|cache_row_memory_unit:inst1|lpm_mux7:inst|lpm_mux:lpm_mux_component|mux_r5e:auto_generated|l1_w4_n1_mux_dataout~1               ; out0             ;
; |cache_row_unit|cache_row_memory_unit:inst1|lpm_mux7:inst|lpm_mux:lpm_mux_component|mux_r5e:auto_generated|l1_w4_n1_mux_dataout                 ; |cache_row_unit|cache_row_memory_unit:inst1|lpm_mux7:inst|lpm_mux:lpm_mux_component|mux_r5e:auto_generated|l1_w4_n1_mux_dataout                 ; out0             ;
; |cache_row_unit|cache_row_memory_unit:inst1|lpm_mux7:inst|lpm_mux:lpm_mux_component|mux_r5e:auto_generated|l1_w5_n0_mux_dataout~0               ; |cache_row_unit|cache_row_memory_unit:inst1|lpm_mux7:inst|lpm_mux:lpm_mux_component|mux_r5e:auto_generated|l1_w5_n0_mux_dataout~0               ; out0             ;
; |cache_row_unit|cache_row_memory_unit:inst1|lpm_mux7:inst|lpm_mux:lpm_mux_component|mux_r5e:auto_generated|l1_w5_n0_mux_dataout                 ; |cache_row_unit|cache_row_memory_unit:inst1|lpm_mux7:inst|lpm_mux:lpm_mux_component|mux_r5e:auto_generated|l1_w5_n0_mux_dataout                 ; out0             ;
; |cache_row_unit|cache_row_memory_unit:inst1|lpm_mux7:inst|lpm_mux:lpm_mux_component|mux_r5e:auto_generated|l1_w6_n1_mux_dataout~0               ; |cache_row_unit|cache_row_memory_unit:inst1|lpm_mux7:inst|lpm_mux:lpm_mux_component|mux_r5e:auto_generated|l1_w6_n1_mux_dataout~0               ; out0             ;
; |cache_row_unit|cache_row_memory_unit:inst1|lpm_mux7:inst|lpm_mux:lpm_mux_component|mux_r5e:auto_generated|l1_w6_n1_mux_dataout~1               ; |cache_row_unit|cache_row_memory_unit:inst1|lpm_mux7:inst|lpm_mux:lpm_mux_component|mux_r5e:auto_generated|l1_w6_n1_mux_dataout~1               ; out0             ;
; |cache_row_unit|cache_row_memory_unit:inst1|lpm_mux7:inst|lpm_mux:lpm_mux_component|mux_r5e:auto_generated|l1_w6_n1_mux_dataout                 ; |cache_row_unit|cache_row_memory_unit:inst1|lpm_mux7:inst|lpm_mux:lpm_mux_component|mux_r5e:auto_generated|l1_w6_n1_mux_dataout                 ; out0             ;
; |cache_row_unit|cache_row_memory_unit:inst1|lpm_mux7:inst|lpm_mux:lpm_mux_component|mux_r5e:auto_generated|l2_w0_n0_mux_dataout~0               ; |cache_row_unit|cache_row_memory_unit:inst1|lpm_mux7:inst|lpm_mux:lpm_mux_component|mux_r5e:auto_generated|l2_w0_n0_mux_dataout~0               ; out0             ;
; |cache_row_unit|cache_row_memory_unit:inst1|lpm_mux7:inst|lpm_mux:lpm_mux_component|mux_r5e:auto_generated|l2_w0_n0_mux_dataout~1               ; |cache_row_unit|cache_row_memory_unit:inst1|lpm_mux7:inst|lpm_mux:lpm_mux_component|mux_r5e:auto_generated|l2_w0_n0_mux_dataout~1               ; out0             ;
; |cache_row_unit|cache_row_memory_unit:inst1|lpm_mux7:inst|lpm_mux:lpm_mux_component|mux_r5e:auto_generated|l2_w0_n0_mux_dataout                 ; |cache_row_unit|cache_row_memory_unit:inst1|lpm_mux7:inst|lpm_mux:lpm_mux_component|mux_r5e:auto_generated|l2_w0_n0_mux_dataout                 ; out0             ;
; |cache_row_unit|cache_row_memory_unit:inst1|lpm_mux7:inst|lpm_mux:lpm_mux_component|mux_r5e:auto_generated|l2_w1_n0_mux_dataout~0               ; |cache_row_unit|cache_row_memory_unit:inst1|lpm_mux7:inst|lpm_mux:lpm_mux_component|mux_r5e:auto_generated|l2_w1_n0_mux_dataout~0               ; out0             ;
; |cache_row_unit|cache_row_memory_unit:inst1|lpm_mux7:inst|lpm_mux:lpm_mux_component|mux_r5e:auto_generated|l2_w1_n0_mux_dataout~1               ; |cache_row_unit|cache_row_memory_unit:inst1|lpm_mux7:inst|lpm_mux:lpm_mux_component|mux_r5e:auto_generated|l2_w1_n0_mux_dataout~1               ; out0             ;
; |cache_row_unit|cache_row_memory_unit:inst1|lpm_mux7:inst|lpm_mux:lpm_mux_component|mux_r5e:auto_generated|l2_w1_n0_mux_dataout                 ; |cache_row_unit|cache_row_memory_unit:inst1|lpm_mux7:inst|lpm_mux:lpm_mux_component|mux_r5e:auto_generated|l2_w1_n0_mux_dataout                 ; out0             ;
; |cache_row_unit|cache_row_memory_unit:inst1|lpm_mux7:inst|lpm_mux:lpm_mux_component|mux_r5e:auto_generated|l2_w2_n0_mux_dataout~0               ; |cache_row_unit|cache_row_memory_unit:inst1|lpm_mux7:inst|lpm_mux:lpm_mux_component|mux_r5e:auto_generated|l2_w2_n0_mux_dataout~0               ; out0             ;
; |cache_row_unit|cache_row_memory_unit:inst1|lpm_mux7:inst|lpm_mux:lpm_mux_component|mux_r5e:auto_generated|l2_w2_n0_mux_dataout~1               ; |cache_row_unit|cache_row_memory_unit:inst1|lpm_mux7:inst|lpm_mux:lpm_mux_component|mux_r5e:auto_generated|l2_w2_n0_mux_dataout~1               ; out0             ;
; |cache_row_unit|cache_row_memory_unit:inst1|lpm_mux7:inst|lpm_mux:lpm_mux_component|mux_r5e:auto_generated|l2_w2_n0_mux_dataout                 ; |cache_row_unit|cache_row_memory_unit:inst1|lpm_mux7:inst|lpm_mux:lpm_mux_component|mux_r5e:auto_generated|l2_w2_n0_mux_dataout                 ; out0             ;
; |cache_row_unit|cache_row_memory_unit:inst1|lpm_mux7:inst|lpm_mux:lpm_mux_component|mux_r5e:auto_generated|l2_w3_n0_mux_dataout~0               ; |cache_row_unit|cache_row_memory_unit:inst1|lpm_mux7:inst|lpm_mux:lpm_mux_component|mux_r5e:auto_generated|l2_w3_n0_mux_dataout~0               ; out0             ;
; |cache_row_unit|cache_row_memory_unit:inst1|lpm_mux7:inst|lpm_mux:lpm_mux_component|mux_r5e:auto_generated|l2_w3_n0_mux_dataout~1               ; |cache_row_unit|cache_row_memory_unit:inst1|lpm_mux7:inst|lpm_mux:lpm_mux_component|mux_r5e:auto_generated|l2_w3_n0_mux_dataout~1               ; out0             ;
; |cache_row_unit|cache_row_memory_unit:inst1|lpm_mux7:inst|lpm_mux:lpm_mux_component|mux_r5e:auto_generated|l2_w3_n0_mux_dataout                 ; |cache_row_unit|cache_row_memory_unit:inst1|lpm_mux7:inst|lpm_mux:lpm_mux_component|mux_r5e:auto_generated|l2_w3_n0_mux_dataout                 ; out0             ;
; |cache_row_unit|cache_row_memory_unit:inst1|lpm_mux7:inst|lpm_mux:lpm_mux_component|mux_r5e:auto_generated|l2_w4_n0_mux_dataout~0               ; |cache_row_unit|cache_row_memory_unit:inst1|lpm_mux7:inst|lpm_mux:lpm_mux_component|mux_r5e:auto_generated|l2_w4_n0_mux_dataout~0               ; out0             ;
; |cache_row_unit|cache_row_memory_unit:inst1|lpm_mux7:inst|lpm_mux:lpm_mux_component|mux_r5e:auto_generated|l2_w4_n0_mux_dataout~1               ; |cache_row_unit|cache_row_memory_unit:inst1|lpm_mux7:inst|lpm_mux:lpm_mux_component|mux_r5e:auto_generated|l2_w4_n0_mux_dataout~1               ; out0             ;
; |cache_row_unit|cache_row_memory_unit:inst1|lpm_mux7:inst|lpm_mux:lpm_mux_component|mux_r5e:auto_generated|l2_w4_n0_mux_dataout                 ; |cache_row_unit|cache_row_memory_unit:inst1|lpm_mux7:inst|lpm_mux:lpm_mux_component|mux_r5e:auto_generated|l2_w4_n0_mux_dataout                 ; out0             ;
; |cache_row_unit|cache_row_memory_unit:inst1|lpm_mux7:inst|lpm_mux:lpm_mux_component|mux_r5e:auto_generated|l2_w5_n0_mux_dataout~1               ; |cache_row_unit|cache_row_memory_unit:inst1|lpm_mux7:inst|lpm_mux:lpm_mux_component|mux_r5e:auto_generated|l2_w5_n0_mux_dataout~1               ; out0             ;
; |cache_row_unit|cache_row_memory_unit:inst1|lpm_mux7:inst|lpm_mux:lpm_mux_component|mux_r5e:auto_generated|l2_w5_n0_mux_dataout                 ; |cache_row_unit|cache_row_memory_unit:inst1|lpm_mux7:inst|lpm_mux:lpm_mux_component|mux_r5e:auto_generated|l2_w5_n0_mux_dataout                 ; out0             ;
; |cache_row_unit|cache_row_memory_unit:inst1|lpm_mux7:inst|lpm_mux:lpm_mux_component|mux_r5e:auto_generated|l2_w6_n0_mux_dataout~0               ; |cache_row_unit|cache_row_memory_unit:inst1|lpm_mux7:inst|lpm_mux:lpm_mux_component|mux_r5e:auto_generated|l2_w6_n0_mux_dataout~0               ; out0             ;
; |cache_row_unit|cache_row_memory_unit:inst1|lpm_mux7:inst|lpm_mux:lpm_mux_component|mux_r5e:auto_generated|l2_w6_n0_mux_dataout                 ; |cache_row_unit|cache_row_memory_unit:inst1|lpm_mux7:inst|lpm_mux:lpm_mux_component|mux_r5e:auto_generated|l2_w6_n0_mux_dataout                 ; out0             ;
; |cache_row_unit|cache_row_memory_unit:inst1|lpm_bustri0:inst24|lpm_bustri:lpm_bustri_component|dout[6]                                          ; |cache_row_unit|cache_row_memory_unit:inst1|lpm_bustri0:inst24|lpm_bustri:lpm_bustri_component|dout[6]                                          ; out              ;
; |cache_row_unit|cache_row_memory_unit:inst1|lpm_bustri0:inst24|lpm_bustri:lpm_bustri_component|dout[4]                                          ; |cache_row_unit|cache_row_memory_unit:inst1|lpm_bustri0:inst24|lpm_bustri:lpm_bustri_component|dout[4]                                          ; out              ;
; |cache_row_unit|cache_row_memory_unit:inst1|lpm_bustri0:inst24|lpm_bustri:lpm_bustri_component|dout[2]                                          ; |cache_row_unit|cache_row_memory_unit:inst1|lpm_bustri0:inst24|lpm_bustri:lpm_bustri_component|dout[2]                                          ; out              ;
; |cache_row_unit|cache_row_memory_unit:inst1|lpm_bustri0:inst24|lpm_bustri:lpm_bustri_component|dout[1]                                          ; |cache_row_unit|cache_row_memory_unit:inst1|lpm_bustri0:inst24|lpm_bustri:lpm_bustri_component|dout[1]                                          ; out              ;
; |cache_row_unit|cache_row_memory_unit:inst1|lpm_bustri0:inst24|lpm_bustri:lpm_bustri_component|dout[0]                                          ; |cache_row_unit|cache_row_memory_unit:inst1|lpm_bustri0:inst24|lpm_bustri:lpm_bustri_component|dout[0]                                          ; out              ;
; |cache_row_unit|cache_row_controller_unit:inst|inst3                                                                                            ; |cache_row_unit|cache_row_controller_unit:inst|inst3                                                                                            ; out0             ;
; |cache_row_unit|cache_row_controller_unit:inst|inst7                                                                                            ; |cache_row_unit|cache_row_controller_unit:inst|inst7                                                                                            ; out0             ;
; |cache_row_unit|cache_row_controller_unit:inst|inst13                                                                                           ; |cache_row_unit|cache_row_controller_unit:inst|inst13                                                                                           ; out0             ;
; |cache_row_unit|cache_row_controller_unit:inst|inst8                                                                                            ; |cache_row_unit|cache_row_controller_unit:inst|inst8                                                                                            ; out0             ;
; |cache_row_unit|cache_row_controller_unit:inst|lpm_decode6:inst4|lpm_decode:lpm_decode_component|decode_0sf:auto_generated|w_anode14w[2]        ; |cache_row_unit|cache_row_controller_unit:inst|lpm_decode6:inst4|lpm_decode:lpm_decode_component|decode_0sf:auto_generated|w_anode14w[2]        ; out0             ;
; |cache_row_unit|cache_row_controller_unit:inst|lpm_decode6:inst4|lpm_decode:lpm_decode_component|decode_0sf:auto_generated|w_anode14w[1]        ; |cache_row_unit|cache_row_controller_unit:inst|lpm_decode6:inst4|lpm_decode:lpm_decode_component|decode_0sf:auto_generated|w_anode14w[1]        ; out0             ;
; |cache_row_unit|cache_row_controller_unit:inst|lpm_decode6:inst4|lpm_decode:lpm_decode_component|decode_0sf:auto_generated|w_anode1w[2]         ; |cache_row_unit|cache_row_controller_unit:inst|lpm_decode6:inst4|lpm_decode:lpm_decode_component|decode_0sf:auto_generated|w_anode1w[2]         ; out0             ;
; |cache_row_unit|cache_row_controller_unit:inst|lpm_decode6:inst4|lpm_decode:lpm_decode_component|decode_0sf:auto_generated|w_anode1w[1]         ; |cache_row_unit|cache_row_controller_unit:inst|lpm_decode6:inst4|lpm_decode:lpm_decode_component|decode_0sf:auto_generated|w_anode1w[1]         ; out0             ;
; |cache_row_unit|cache_row_controller_unit:inst|lpm_decode6:inst4|lpm_decode:lpm_decode_component|decode_0sf:auto_generated|w_anode22w[2]        ; |cache_row_unit|cache_row_controller_unit:inst|lpm_decode6:inst4|lpm_decode:lpm_decode_component|decode_0sf:auto_generated|w_anode22w[2]        ; out0             ;
; |cache_row_unit|cache_row_controller_unit:inst|lpm_decode6:inst4|lpm_decode:lpm_decode_component|decode_0sf:auto_generated|w_anode22w[1]        ; |cache_row_unit|cache_row_controller_unit:inst|lpm_decode6:inst4|lpm_decode:lpm_decode_component|decode_0sf:auto_generated|w_anode22w[1]        ; out0             ;
; |cache_row_unit|cache_row_controller_unit:inst|lpm_decode6:inst4|lpm_decode:lpm_decode_component|decode_0sf:auto_generated|w_anode30w[2]        ; |cache_row_unit|cache_row_controller_unit:inst|lpm_decode6:inst4|lpm_decode:lpm_decode_component|decode_0sf:auto_generated|w_anode30w[2]        ; out0             ;
; |cache_row_unit|cache_row_controller_unit:inst|lpm_decode6:inst4|lpm_decode:lpm_decode_component|decode_0sf:auto_generated|w_anode30w[1]        ; |cache_row_unit|cache_row_controller_unit:inst|lpm_decode6:inst4|lpm_decode:lpm_decode_component|decode_0sf:auto_generated|w_anode30w[1]        ; out0             ;
; |cache_row_unit|cache_row_controller_unit:inst|lpm_compare1:inst6|lpm_compare:lpm_compare_component|cmpr_big:auto_generated|aneb_result_wire[0] ; |cache_row_unit|cache_row_controller_unit:inst|lpm_compare1:inst6|lpm_compare:lpm_compare_component|cmpr_big:auto_generated|aneb_result_wire[0] ; out0             ;
; |cache_row_unit|cache_row_controller_unit:inst|lpm_compare1:inst6|lpm_compare:lpm_compare_component|cmpr_big:auto_generated|data_wire[0]~3      ; |cache_row_unit|cache_row_controller_unit:inst|lpm_compare1:inst6|lpm_compare:lpm_compare_component|cmpr_big:auto_generated|data_wire[0]~3      ; out0             ;
; |cache_row_unit|cache_row_controller_unit:inst|lpm_compare1:inst6|lpm_compare:lpm_compare_component|cmpr_big:auto_generated|data_wire[0]        ; |cache_row_unit|cache_row_controller_unit:inst|lpm_compare1:inst6|lpm_compare:lpm_compare_component|cmpr_big:auto_generated|data_wire[0]        ; out0             ;
; |cache_row_unit|cache_row_controller_unit:inst|lpm_compare7:inst5|lpm_compare:lpm_compare_component|cmpr_ojg:auto_generated|aneb_result_wire[0] ; |cache_row_unit|cache_row_controller_unit:inst|lpm_compare7:inst5|lpm_compare:lpm_compare_component|cmpr_ojg:auto_generated|aneb_result_wire[0] ; out0             ;
; |cache_row_unit|cache_row_controller_unit:inst|lpm_compare7:inst5|lpm_compare:lpm_compare_component|cmpr_ojg:auto_generated|data_wire[3]~6      ; |cache_row_unit|cache_row_controller_unit:inst|lpm_compare7:inst5|lpm_compare:lpm_compare_component|cmpr_ojg:auto_generated|data_wire[3]~6      ; out0             ;
; |cache_row_unit|cache_row_controller_unit:inst|lpm_compare7:inst5|lpm_compare:lpm_compare_component|cmpr_ojg:auto_generated|data_wire[3]~7      ; |cache_row_unit|cache_row_controller_unit:inst|lpm_compare7:inst5|lpm_compare:lpm_compare_component|cmpr_ojg:auto_generated|data_wire[3]~7      ; out0             ;
; |cache_row_unit|cache_row_controller_unit:inst|lpm_compare7:inst5|lpm_compare:lpm_compare_component|cmpr_ojg:auto_generated|data_wire[3]        ; |cache_row_unit|cache_row_controller_unit:inst|lpm_compare7:inst5|lpm_compare:lpm_compare_component|cmpr_ojg:auto_generated|data_wire[3]        ; out0             ;
; |cache_row_unit|cache_row_controller_unit:inst|lpm_compare7:inst5|lpm_compare:lpm_compare_component|cmpr_ojg:auto_generated|data_wire[2]~8      ; |cache_row_unit|cache_row_controller_unit:inst|lpm_compare7:inst5|lpm_compare:lpm_compare_component|cmpr_ojg:auto_generated|data_wire[2]~8      ; out0             ;
; |cache_row_unit|cache_row_controller_unit:inst|lpm_compare7:inst5|lpm_compare:lpm_compare_component|cmpr_ojg:auto_generated|data_wire[2]~9      ; |cache_row_unit|cache_row_controller_unit:inst|lpm_compare7:inst5|lpm_compare:lpm_compare_component|cmpr_ojg:auto_generated|data_wire[2]~9      ; out0             ;
; |cache_row_unit|cache_row_controller_unit:inst|lpm_compare7:inst5|lpm_compare:lpm_compare_component|cmpr_ojg:auto_generated|data_wire[2]        ; |cache_row_unit|cache_row_controller_unit:inst|lpm_compare7:inst5|lpm_compare:lpm_compare_component|cmpr_ojg:auto_generated|data_wire[2]        ; out0             ;
; |cache_row_unit|cache_row_controller_unit:inst|lpm_compare7:inst5|lpm_compare:lpm_compare_component|cmpr_ojg:auto_generated|_~0                 ; |cache_row_unit|cache_row_controller_unit:inst|lpm_compare7:inst5|lpm_compare:lpm_compare_component|cmpr_ojg:auto_generated|_~0                 ; out0             ;
; |cache_row_unit|cache_row_controller_unit:inst|lpm_compare7:inst5|lpm_compare:lpm_compare_component|cmpr_ojg:auto_generated|data_wire[0]~10     ; |cache_row_unit|cache_row_controller_unit:inst|lpm_compare7:inst5|lpm_compare:lpm_compare_component|cmpr_ojg:auto_generated|data_wire[0]~10     ; out0             ;
; |cache_row_unit|cache_row_controller_unit:inst|lpm_compare7:inst5|lpm_compare:lpm_compare_component|cmpr_ojg:auto_generated|data_wire[0]        ; |cache_row_unit|cache_row_controller_unit:inst|lpm_compare7:inst5|lpm_compare:lpm_compare_component|cmpr_ojg:auto_generated|data_wire[0]        ; out0             ;
+-------------------------------------------------------------------------------------------------------------------------------------------------+-------------------------------------------------------------------------------------------------------------------------------------------------+------------------+


The following table displays output ports that do not toggle to 1 during simulation.
+------------------------------------------------------------------------------------------------------------------------------------------------------------------------------------------------------------------------------------------------------------------------------------------------------------+
; Missing 1-Value Coverage                                                                                                                                                                                                                                                                                   ;
+--------------------------------------------------------------------------------------------------------------------------------------------+--------------------------------------------------------------------------------------------------------------------------------------------+------------------+
; Node Name                                                                                                                                  ; Output Port Name                                                                                                                           ; Output Port Type ;
+--------------------------------------------------------------------------------------------------------------------------------------------+--------------------------------------------------------------------------------------------------------------------------------------------+------------------+
; |cache_row_unit|word_in[15]                                                                                                                ; |cache_row_unit|word_in[15]                                                                                                                ; out              ;
; |cache_row_unit|word_in[14]                                                                                                                ; |cache_row_unit|word_in[14]                                                                                                                ; out              ;
; |cache_row_unit|word_in[13]                                                                                                                ; |cache_row_unit|word_in[13]                                                                                                                ; out              ;
; |cache_row_unit|word_in[12]                                                                                                                ; |cache_row_unit|word_in[12]                                                                                                                ; out              ;
; |cache_row_unit|word_in[11]                                                                                                                ; |cache_row_unit|word_in[11]                                                                                                                ; out              ;
; |cache_row_unit|word_in[10]                                                                                                                ; |cache_row_unit|word_in[10]                                                                                                                ; out              ;
; |cache_row_unit|word_in[9]                                                                                                                 ; |cache_row_unit|word_in[9]                                                                                                                 ; out              ;
; |cache_row_unit|word_in[8]                                                                                                                 ; |cache_row_unit|word_in[8]                                                                                                                 ; out              ;
; |cache_row_unit|word_in[7]                                                                                                                 ; |cache_row_unit|word_in[7]                                                                                                                 ; out              ;
; |cache_row_unit|addr[15]                                                                                                                   ; |cache_row_unit|addr[15]                                                                                                                   ; out              ;
; |cache_row_unit|addr[14]                                                                                                                   ; |cache_row_unit|addr[14]                                                                                                                   ; out              ;
; |cache_row_unit|addr[13]                                                                                                                   ; |cache_row_unit|addr[13]                                                                                                                   ; out              ;
; |cache_row_unit|addr[12]                                                                                                                   ; |cache_row_unit|addr[12]                                                                                                                   ; out              ;
; |cache_row_unit|addr[11]                                                                                                                   ; |cache_row_unit|addr[11]                                                                                                                   ; out              ;
; |cache_row_unit|addr[10]                                                                                                                   ; |cache_row_unit|addr[10]                                                                                                                   ; out              ;
; |cache_row_unit|addr[5]                                                                                                                    ; |cache_row_unit|addr[5]                                                                                                                    ; out              ;
; |cache_row_unit|addr[4]                                                                                                                    ; |cache_row_unit|addr[4]                                                                                                                    ; out              ;
; |cache_row_unit|addr[2]                                                                                                                    ; |cache_row_unit|addr[2]                                                                                                                    ; out              ;
; |cache_row_unit|rind[3]                                                                                                                    ; |cache_row_unit|rind[3]                                                                                                                    ; out              ;
; |cache_row_unit|rind[2]                                                                                                                    ; |cache_row_unit|rind[2]                                                                                                                    ; out              ;
; |cache_row_unit|rind[1]                                                                                                                    ; |cache_row_unit|rind[1]                                                                                                                    ; out              ;
; |cache_row_unit|rind[0]                                                                                                                    ; |cache_row_unit|rind[0]                                                                                                                    ; out              ;
; |cache_row_unit|tag_out[9]                                                                                                                 ; |cache_row_unit|tag_out[9]                                                                                                                 ; pin_out          ;
; |cache_row_unit|tag_out[8]                                                                                                                 ; |cache_row_unit|tag_out[8]                                                                                                                 ; pin_out          ;
; |cache_row_unit|tag_out[7]                                                                                                                 ; |cache_row_unit|tag_out[7]                                                                                                                 ; pin_out          ;
; |cache_row_unit|tag_out[6]                                                                                                                 ; |cache_row_unit|tag_out[6]                                                                                                                 ; pin_out          ;
; |cache_row_unit|tag_out[5]                                                                                                                 ; |cache_row_unit|tag_out[5]                                                                                                                 ; pin_out          ;
; |cache_row_unit|tag_out[4]                                                                                                                 ; |cache_row_unit|tag_out[4]                                                                                                                 ; pin_out          ;
; |cache_row_unit|word_in_RAM[15]                                                                                                            ; |cache_row_unit|word_in_RAM[15]                                                                                                            ; pin_out          ;
; |cache_row_unit|word_in_RAM[14]                                                                                                            ; |cache_row_unit|word_in_RAM[14]                                                                                                            ; pin_out          ;
; |cache_row_unit|word_in_RAM[13]                                                                                                            ; |cache_row_unit|word_in_RAM[13]                                                                                                            ; pin_out          ;
; |cache_row_unit|word_in_RAM[12]                                                                                                            ; |cache_row_unit|word_in_RAM[12]                                                                                                            ; pin_out          ;
; |cache_row_unit|word_in_RAM[11]                                                                                                            ; |cache_row_unit|word_in_RAM[11]                                                                                                            ; pin_out          ;
; |cache_row_unit|word_in_RAM[10]                                                                                                            ; |cache_row_unit|word_in_RAM[10]                                                                                                            ; pin_out          ;
; |cache_row_unit|word_in_RAM[9]                                                                                                             ; |cache_row_unit|word_in_RAM[9]                                                                                                             ; pin_out          ;
; |cache_row_unit|word_in_RAM[8]                                                                                                             ; |cache_row_unit|word_in_RAM[8]                                                                                                             ; pin_out          ;
; |cache_row_unit|word_in_RAM[7]                                                                                                             ; |cache_row_unit|word_in_RAM[7]                                                                                                             ; pin_out          ;
; |cache_row_unit|word_in_RAM[5]                                                                                                             ; |cache_row_unit|word_in_RAM[5]                                                                                                             ; pin_out          ;
; |cache_row_unit|word_out[15]                                                                                                               ; |cache_row_unit|word_out[15]                                                                                                               ; pin_out          ;
; |cache_row_unit|word_out[14]                                                                                                               ; |cache_row_unit|word_out[14]                                                                                                               ; pin_out          ;
; |cache_row_unit|word_out[13]                                                                                                               ; |cache_row_unit|word_out[13]                                                                                                               ; pin_out          ;
; |cache_row_unit|word_out[12]                                                                                                               ; |cache_row_unit|word_out[12]                                                                                                               ; pin_out          ;
; |cache_row_unit|word_out[11]                                                                                                               ; |cache_row_unit|word_out[11]                                                                                                               ; pin_out          ;
; |cache_row_unit|word_out[10]                                                                                                               ; |cache_row_unit|word_out[10]                                                                                                               ; pin_out          ;
; |cache_row_unit|word_out[9]                                                                                                                ; |cache_row_unit|word_out[9]                                                                                                                ; pin_out          ;
; |cache_row_unit|word_out[8]                                                                                                                ; |cache_row_unit|word_out[8]                                                                                                                ; pin_out          ;
; |cache_row_unit|word_out[7]                                                                                                                ; |cache_row_unit|word_out[7]                                                                                                                ; pin_out          ;
; |cache_row_unit|cache_row_memory_unit:inst1|busmux:inst14|lpm_mux:$00000|mux_dpc:auto_generated|l1_w10_n0_mux_dataout~0                    ; |cache_row_unit|cache_row_memory_unit:inst1|busmux:inst14|lpm_mux:$00000|mux_dpc:auto_generated|l1_w10_n0_mux_dataout~0                    ; out0             ;
; |cache_row_unit|cache_row_memory_unit:inst1|busmux:inst14|lpm_mux:$00000|mux_dpc:auto_generated|l1_w11_n0_mux_dataout~0                    ; |cache_row_unit|cache_row_memory_unit:inst1|busmux:inst14|lpm_mux:$00000|mux_dpc:auto_generated|l1_w11_n0_mux_dataout~0                    ; out0             ;
; |cache_row_unit|cache_row_memory_unit:inst1|busmux:inst14|lpm_mux:$00000|mux_dpc:auto_generated|l1_w12_n0_mux_dataout~0                    ; |cache_row_unit|cache_row_memory_unit:inst1|busmux:inst14|lpm_mux:$00000|mux_dpc:auto_generated|l1_w12_n0_mux_dataout~0                    ; out0             ;
; |cache_row_unit|cache_row_memory_unit:inst1|busmux:inst14|lpm_mux:$00000|mux_dpc:auto_generated|l1_w13_n0_mux_dataout~0                    ; |cache_row_unit|cache_row_memory_unit:inst1|busmux:inst14|lpm_mux:$00000|mux_dpc:auto_generated|l1_w13_n0_mux_dataout~0                    ; out0             ;
; |cache_row_unit|cache_row_memory_unit:inst1|busmux:inst14|lpm_mux:$00000|mux_dpc:auto_generated|l1_w14_n0_mux_dataout~0                    ; |cache_row_unit|cache_row_memory_unit:inst1|busmux:inst14|lpm_mux:$00000|mux_dpc:auto_generated|l1_w14_n0_mux_dataout~0                    ; out0             ;
; |cache_row_unit|cache_row_memory_unit:inst1|busmux:inst14|lpm_mux:$00000|mux_dpc:auto_generated|l1_w15_n0_mux_dataout~0                    ; |cache_row_unit|cache_row_memory_unit:inst1|busmux:inst14|lpm_mux:$00000|mux_dpc:auto_generated|l1_w15_n0_mux_dataout~0                    ; out0             ;
; |cache_row_unit|cache_row_memory_unit:inst1|busmux:inst14|lpm_mux:$00000|mux_dpc:auto_generated|l1_w7_n0_mux_dataout~0                     ; |cache_row_unit|cache_row_memory_unit:inst1|busmux:inst14|lpm_mux:$00000|mux_dpc:auto_generated|l1_w7_n0_mux_dataout~0                     ; out0             ;
; |cache_row_unit|cache_row_memory_unit:inst1|busmux:inst14|lpm_mux:$00000|mux_dpc:auto_generated|l1_w8_n0_mux_dataout~0                     ; |cache_row_unit|cache_row_memory_unit:inst1|busmux:inst14|lpm_mux:$00000|mux_dpc:auto_generated|l1_w8_n0_mux_dataout~0                     ; out0             ;
; |cache_row_unit|cache_row_memory_unit:inst1|busmux:inst14|lpm_mux:$00000|mux_dpc:auto_generated|l1_w9_n0_mux_dataout~0                     ; |cache_row_unit|cache_row_memory_unit:inst1|busmux:inst14|lpm_mux:$00000|mux_dpc:auto_generated|l1_w9_n0_mux_dataout~0                     ; out0             ;
; |cache_row_unit|cache_row_memory_unit:inst1|lpm_dff2:word_3|lpm_ff:lpm_ff_component|dffs[15]                                               ; |cache_row_unit|cache_row_memory_unit:inst1|lpm_dff2:word_3|lpm_ff:lpm_ff_component|dffs[15]                                               ; regout           ;
; |cache_row_unit|cache_row_memory_unit:inst1|lpm_dff2:word_3|lpm_ff:lpm_ff_component|dffs[14]                                               ; |cache_row_unit|cache_row_memory_unit:inst1|lpm_dff2:word_3|lpm_ff:lpm_ff_component|dffs[14]                                               ; regout           ;
; |cache_row_unit|cache_row_memory_unit:inst1|lpm_dff2:word_3|lpm_ff:lpm_ff_component|dffs[13]                                               ; |cache_row_unit|cache_row_memory_unit:inst1|lpm_dff2:word_3|lpm_ff:lpm_ff_component|dffs[13]                                               ; regout           ;
; |cache_row_unit|cache_row_memory_unit:inst1|lpm_dff2:word_3|lpm_ff:lpm_ff_component|dffs[12]                                               ; |cache_row_unit|cache_row_memory_unit:inst1|lpm_dff2:word_3|lpm_ff:lpm_ff_component|dffs[12]                                               ; regout           ;
; |cache_row_unit|cache_row_memory_unit:inst1|lpm_dff2:word_3|lpm_ff:lpm_ff_component|dffs[11]                                               ; |cache_row_unit|cache_row_memory_unit:inst1|lpm_dff2:word_3|lpm_ff:lpm_ff_component|dffs[11]                                               ; regout           ;
; |cache_row_unit|cache_row_memory_unit:inst1|lpm_dff2:word_3|lpm_ff:lpm_ff_component|dffs[10]                                               ; |cache_row_unit|cache_row_memory_unit:inst1|lpm_dff2:word_3|lpm_ff:lpm_ff_component|dffs[10]                                               ; regout           ;
; |cache_row_unit|cache_row_memory_unit:inst1|lpm_dff2:word_3|lpm_ff:lpm_ff_component|dffs[9]                                                ; |cache_row_unit|cache_row_memory_unit:inst1|lpm_dff2:word_3|lpm_ff:lpm_ff_component|dffs[9]                                                ; regout           ;
; |cache_row_unit|cache_row_memory_unit:inst1|lpm_dff2:word_3|lpm_ff:lpm_ff_component|dffs[8]                                                ; |cache_row_unit|cache_row_memory_unit:inst1|lpm_dff2:word_3|lpm_ff:lpm_ff_component|dffs[8]                                                ; regout           ;
; |cache_row_unit|cache_row_memory_unit:inst1|lpm_dff2:word_3|lpm_ff:lpm_ff_component|dffs[7]                                                ; |cache_row_unit|cache_row_memory_unit:inst1|lpm_dff2:word_3|lpm_ff:lpm_ff_component|dffs[7]                                                ; regout           ;
; |cache_row_unit|cache_row_memory_unit:inst1|lpm_dff2:word_3|lpm_ff:lpm_ff_component|dffs[5]                                                ; |cache_row_unit|cache_row_memory_unit:inst1|lpm_dff2:word_3|lpm_ff:lpm_ff_component|dffs[5]                                                ; regout           ;
; |cache_row_unit|cache_row_memory_unit:inst1|lpm_dff2:word_3|lpm_ff:lpm_ff_component|dffs[2]                                                ; |cache_row_unit|cache_row_memory_unit:inst1|lpm_dff2:word_3|lpm_ff:lpm_ff_component|dffs[2]                                                ; regout           ;
; |cache_row_unit|cache_row_memory_unit:inst1|lpm_dff2:word_2|lpm_ff:lpm_ff_component|dffs[15]                                               ; |cache_row_unit|cache_row_memory_unit:inst1|lpm_dff2:word_2|lpm_ff:lpm_ff_component|dffs[15]                                               ; regout           ;
; |cache_row_unit|cache_row_memory_unit:inst1|lpm_dff2:word_2|lpm_ff:lpm_ff_component|dffs[14]                                               ; |cache_row_unit|cache_row_memory_unit:inst1|lpm_dff2:word_2|lpm_ff:lpm_ff_component|dffs[14]                                               ; regout           ;
; |cache_row_unit|cache_row_memory_unit:inst1|lpm_dff2:word_2|lpm_ff:lpm_ff_component|dffs[13]                                               ; |cache_row_unit|cache_row_memory_unit:inst1|lpm_dff2:word_2|lpm_ff:lpm_ff_component|dffs[13]                                               ; regout           ;
; |cache_row_unit|cache_row_memory_unit:inst1|lpm_dff2:word_2|lpm_ff:lpm_ff_component|dffs[12]                                               ; |cache_row_unit|cache_row_memory_unit:inst1|lpm_dff2:word_2|lpm_ff:lpm_ff_component|dffs[12]                                               ; regout           ;
; |cache_row_unit|cache_row_memory_unit:inst1|lpm_dff2:word_2|lpm_ff:lpm_ff_component|dffs[11]                                               ; |cache_row_unit|cache_row_memory_unit:inst1|lpm_dff2:word_2|lpm_ff:lpm_ff_component|dffs[11]                                               ; regout           ;
; |cache_row_unit|cache_row_memory_unit:inst1|lpm_dff2:word_2|lpm_ff:lpm_ff_component|dffs[10]                                               ; |cache_row_unit|cache_row_memory_unit:inst1|lpm_dff2:word_2|lpm_ff:lpm_ff_component|dffs[10]                                               ; regout           ;
; |cache_row_unit|cache_row_memory_unit:inst1|lpm_dff2:word_2|lpm_ff:lpm_ff_component|dffs[9]                                                ; |cache_row_unit|cache_row_memory_unit:inst1|lpm_dff2:word_2|lpm_ff:lpm_ff_component|dffs[9]                                                ; regout           ;
; |cache_row_unit|cache_row_memory_unit:inst1|lpm_dff2:word_2|lpm_ff:lpm_ff_component|dffs[8]                                                ; |cache_row_unit|cache_row_memory_unit:inst1|lpm_dff2:word_2|lpm_ff:lpm_ff_component|dffs[8]                                                ; regout           ;
; |cache_row_unit|cache_row_memory_unit:inst1|lpm_dff2:word_2|lpm_ff:lpm_ff_component|dffs[7]                                                ; |cache_row_unit|cache_row_memory_unit:inst1|lpm_dff2:word_2|lpm_ff:lpm_ff_component|dffs[7]                                                ; regout           ;
; |cache_row_unit|cache_row_memory_unit:inst1|lpm_dff2:word_2|lpm_ff:lpm_ff_component|dffs[5]                                                ; |cache_row_unit|cache_row_memory_unit:inst1|lpm_dff2:word_2|lpm_ff:lpm_ff_component|dffs[5]                                                ; regout           ;
; |cache_row_unit|cache_row_memory_unit:inst1|lpm_dff2:word_1|lpm_ff:lpm_ff_component|dffs[15]                                               ; |cache_row_unit|cache_row_memory_unit:inst1|lpm_dff2:word_1|lpm_ff:lpm_ff_component|dffs[15]                                               ; regout           ;
; |cache_row_unit|cache_row_memory_unit:inst1|lpm_dff2:word_1|lpm_ff:lpm_ff_component|dffs[14]                                               ; |cache_row_unit|cache_row_memory_unit:inst1|lpm_dff2:word_1|lpm_ff:lpm_ff_component|dffs[14]                                               ; regout           ;
; |cache_row_unit|cache_row_memory_unit:inst1|lpm_dff2:word_1|lpm_ff:lpm_ff_component|dffs[13]                                               ; |cache_row_unit|cache_row_memory_unit:inst1|lpm_dff2:word_1|lpm_ff:lpm_ff_component|dffs[13]                                               ; regout           ;
; |cache_row_unit|cache_row_memory_unit:inst1|lpm_dff2:word_1|lpm_ff:lpm_ff_component|dffs[12]                                               ; |cache_row_unit|cache_row_memory_unit:inst1|lpm_dff2:word_1|lpm_ff:lpm_ff_component|dffs[12]                                               ; regout           ;
; |cache_row_unit|cache_row_memory_unit:inst1|lpm_dff2:word_1|lpm_ff:lpm_ff_component|dffs[11]                                               ; |cache_row_unit|cache_row_memory_unit:inst1|lpm_dff2:word_1|lpm_ff:lpm_ff_component|dffs[11]                                               ; regout           ;
; |cache_row_unit|cache_row_memory_unit:inst1|lpm_dff2:word_1|lpm_ff:lpm_ff_component|dffs[10]                                               ; |cache_row_unit|cache_row_memory_unit:inst1|lpm_dff2:word_1|lpm_ff:lpm_ff_component|dffs[10]                                               ; regout           ;
; |cache_row_unit|cache_row_memory_unit:inst1|lpm_dff2:word_1|lpm_ff:lpm_ff_component|dffs[9]                                                ; |cache_row_unit|cache_row_memory_unit:inst1|lpm_dff2:word_1|lpm_ff:lpm_ff_component|dffs[9]                                                ; regout           ;
; |cache_row_unit|cache_row_memory_unit:inst1|lpm_dff2:word_1|lpm_ff:lpm_ff_component|dffs[8]                                                ; |cache_row_unit|cache_row_memory_unit:inst1|lpm_dff2:word_1|lpm_ff:lpm_ff_component|dffs[8]                                                ; regout           ;
; |cache_row_unit|cache_row_memory_unit:inst1|lpm_dff2:word_1|lpm_ff:lpm_ff_component|dffs[7]                                                ; |cache_row_unit|cache_row_memory_unit:inst1|lpm_dff2:word_1|lpm_ff:lpm_ff_component|dffs[7]                                                ; regout           ;
; |cache_row_unit|cache_row_memory_unit:inst1|lpm_dff2:word_1|lpm_ff:lpm_ff_component|dffs[6]                                                ; |cache_row_unit|cache_row_memory_unit:inst1|lpm_dff2:word_1|lpm_ff:lpm_ff_component|dffs[6]                                                ; regout           ;
; |cache_row_unit|cache_row_memory_unit:inst1|lpm_dff2:word_1|lpm_ff:lpm_ff_component|dffs[4]                                                ; |cache_row_unit|cache_row_memory_unit:inst1|lpm_dff2:word_1|lpm_ff:lpm_ff_component|dffs[4]                                                ; regout           ;
; |cache_row_unit|cache_row_memory_unit:inst1|lpm_dff2:word_0|lpm_ff:lpm_ff_component|dffs[15]                                               ; |cache_row_unit|cache_row_memory_unit:inst1|lpm_dff2:word_0|lpm_ff:lpm_ff_component|dffs[15]                                               ; regout           ;
; |cache_row_unit|cache_row_memory_unit:inst1|lpm_dff2:word_0|lpm_ff:lpm_ff_component|dffs[14]                                               ; |cache_row_unit|cache_row_memory_unit:inst1|lpm_dff2:word_0|lpm_ff:lpm_ff_component|dffs[14]                                               ; regout           ;
; |cache_row_unit|cache_row_memory_unit:inst1|lpm_dff2:word_0|lpm_ff:lpm_ff_component|dffs[13]                                               ; |cache_row_unit|cache_row_memory_unit:inst1|lpm_dff2:word_0|lpm_ff:lpm_ff_component|dffs[13]                                               ; regout           ;
; |cache_row_unit|cache_row_memory_unit:inst1|lpm_dff2:word_0|lpm_ff:lpm_ff_component|dffs[12]                                               ; |cache_row_unit|cache_row_memory_unit:inst1|lpm_dff2:word_0|lpm_ff:lpm_ff_component|dffs[12]                                               ; regout           ;
; |cache_row_unit|cache_row_memory_unit:inst1|lpm_dff2:word_0|lpm_ff:lpm_ff_component|dffs[11]                                               ; |cache_row_unit|cache_row_memory_unit:inst1|lpm_dff2:word_0|lpm_ff:lpm_ff_component|dffs[11]                                               ; regout           ;
; |cache_row_unit|cache_row_memory_unit:inst1|lpm_dff2:word_0|lpm_ff:lpm_ff_component|dffs[10]                                               ; |cache_row_unit|cache_row_memory_unit:inst1|lpm_dff2:word_0|lpm_ff:lpm_ff_component|dffs[10]                                               ; regout           ;
; |cache_row_unit|cache_row_memory_unit:inst1|lpm_dff2:word_0|lpm_ff:lpm_ff_component|dffs[9]                                                ; |cache_row_unit|cache_row_memory_unit:inst1|lpm_dff2:word_0|lpm_ff:lpm_ff_component|dffs[9]                                                ; regout           ;
; |cache_row_unit|cache_row_memory_unit:inst1|lpm_dff2:word_0|lpm_ff:lpm_ff_component|dffs[8]                                                ; |cache_row_unit|cache_row_memory_unit:inst1|lpm_dff2:word_0|lpm_ff:lpm_ff_component|dffs[8]                                                ; regout           ;
; |cache_row_unit|cache_row_memory_unit:inst1|lpm_dff2:word_0|lpm_ff:lpm_ff_component|dffs[7]                                                ; |cache_row_unit|cache_row_memory_unit:inst1|lpm_dff2:word_0|lpm_ff:lpm_ff_component|dffs[7]                                                ; regout           ;
; |cache_row_unit|cache_row_memory_unit:inst1|lpm_dff2:word_0|lpm_ff:lpm_ff_component|dffs[6]                                                ; |cache_row_unit|cache_row_memory_unit:inst1|lpm_dff2:word_0|lpm_ff:lpm_ff_component|dffs[6]                                                ; regout           ;
; |cache_row_unit|cache_row_memory_unit:inst1|lpm_dff2:word_0|lpm_ff:lpm_ff_component|dffs[5]                                                ; |cache_row_unit|cache_row_memory_unit:inst1|lpm_dff2:word_0|lpm_ff:lpm_ff_component|dffs[5]                                                ; regout           ;
; |cache_row_unit|cache_row_memory_unit:inst1|lpm_mux7:inst|lpm_mux:lpm_mux_component|mux_r5e:auto_generated|l1_w10_n0_mux_dataout~0         ; |cache_row_unit|cache_row_memory_unit:inst1|lpm_mux7:inst|lpm_mux:lpm_mux_component|mux_r5e:auto_generated|l1_w10_n0_mux_dataout~0         ; out0             ;
; |cache_row_unit|cache_row_memory_unit:inst1|lpm_mux7:inst|lpm_mux:lpm_mux_component|mux_r5e:auto_generated|l1_w10_n0_mux_dataout~1         ; |cache_row_unit|cache_row_memory_unit:inst1|lpm_mux7:inst|lpm_mux:lpm_mux_component|mux_r5e:auto_generated|l1_w10_n0_mux_dataout~1         ; out0             ;
; |cache_row_unit|cache_row_memory_unit:inst1|lpm_mux7:inst|lpm_mux:lpm_mux_component|mux_r5e:auto_generated|l1_w10_n0_mux_dataout           ; |cache_row_unit|cache_row_memory_unit:inst1|lpm_mux7:inst|lpm_mux:lpm_mux_component|mux_r5e:auto_generated|l1_w10_n0_mux_dataout           ; out0             ;
; |cache_row_unit|cache_row_memory_unit:inst1|lpm_mux7:inst|lpm_mux:lpm_mux_component|mux_r5e:auto_generated|l1_w10_n1_mux_dataout~0         ; |cache_row_unit|cache_row_memory_unit:inst1|lpm_mux7:inst|lpm_mux:lpm_mux_component|mux_r5e:auto_generated|l1_w10_n1_mux_dataout~0         ; out0             ;
; |cache_row_unit|cache_row_memory_unit:inst1|lpm_mux7:inst|lpm_mux:lpm_mux_component|mux_r5e:auto_generated|l1_w10_n1_mux_dataout~1         ; |cache_row_unit|cache_row_memory_unit:inst1|lpm_mux7:inst|lpm_mux:lpm_mux_component|mux_r5e:auto_generated|l1_w10_n1_mux_dataout~1         ; out0             ;
; |cache_row_unit|cache_row_memory_unit:inst1|lpm_mux7:inst|lpm_mux:lpm_mux_component|mux_r5e:auto_generated|l1_w10_n1_mux_dataout           ; |cache_row_unit|cache_row_memory_unit:inst1|lpm_mux7:inst|lpm_mux:lpm_mux_component|mux_r5e:auto_generated|l1_w10_n1_mux_dataout           ; out0             ;
; |cache_row_unit|cache_row_memory_unit:inst1|lpm_mux7:inst|lpm_mux:lpm_mux_component|mux_r5e:auto_generated|l1_w11_n0_mux_dataout~0         ; |cache_row_unit|cache_row_memory_unit:inst1|lpm_mux7:inst|lpm_mux:lpm_mux_component|mux_r5e:auto_generated|l1_w11_n0_mux_dataout~0         ; out0             ;
; |cache_row_unit|cache_row_memory_unit:inst1|lpm_mux7:inst|lpm_mux:lpm_mux_component|mux_r5e:auto_generated|l1_w11_n0_mux_dataout~1         ; |cache_row_unit|cache_row_memory_unit:inst1|lpm_mux7:inst|lpm_mux:lpm_mux_component|mux_r5e:auto_generated|l1_w11_n0_mux_dataout~1         ; out0             ;
; |cache_row_unit|cache_row_memory_unit:inst1|lpm_mux7:inst|lpm_mux:lpm_mux_component|mux_r5e:auto_generated|l1_w11_n0_mux_dataout           ; |cache_row_unit|cache_row_memory_unit:inst1|lpm_mux7:inst|lpm_mux:lpm_mux_component|mux_r5e:auto_generated|l1_w11_n0_mux_dataout           ; out0             ;
; |cache_row_unit|cache_row_memory_unit:inst1|lpm_mux7:inst|lpm_mux:lpm_mux_component|mux_r5e:auto_generated|l1_w11_n1_mux_dataout~0         ; |cache_row_unit|cache_row_memory_unit:inst1|lpm_mux7:inst|lpm_mux:lpm_mux_component|mux_r5e:auto_generated|l1_w11_n1_mux_dataout~0         ; out0             ;
; |cache_row_unit|cache_row_memory_unit:inst1|lpm_mux7:inst|lpm_mux:lpm_mux_component|mux_r5e:auto_generated|l1_w11_n1_mux_dataout~1         ; |cache_row_unit|cache_row_memory_unit:inst1|lpm_mux7:inst|lpm_mux:lpm_mux_component|mux_r5e:auto_generated|l1_w11_n1_mux_dataout~1         ; out0             ;
; |cache_row_unit|cache_row_memory_unit:inst1|lpm_mux7:inst|lpm_mux:lpm_mux_component|mux_r5e:auto_generated|l1_w11_n1_mux_dataout           ; |cache_row_unit|cache_row_memory_unit:inst1|lpm_mux7:inst|lpm_mux:lpm_mux_component|mux_r5e:auto_generated|l1_w11_n1_mux_dataout           ; out0             ;
; |cache_row_unit|cache_row_memory_unit:inst1|lpm_mux7:inst|lpm_mux:lpm_mux_component|mux_r5e:auto_generated|l1_w12_n0_mux_dataout~0         ; |cache_row_unit|cache_row_memory_unit:inst1|lpm_mux7:inst|lpm_mux:lpm_mux_component|mux_r5e:auto_generated|l1_w12_n0_mux_dataout~0         ; out0             ;
; |cache_row_unit|cache_row_memory_unit:inst1|lpm_mux7:inst|lpm_mux:lpm_mux_component|mux_r5e:auto_generated|l1_w12_n0_mux_dataout~1         ; |cache_row_unit|cache_row_memory_unit:inst1|lpm_mux7:inst|lpm_mux:lpm_mux_component|mux_r5e:auto_generated|l1_w12_n0_mux_dataout~1         ; out0             ;
; |cache_row_unit|cache_row_memory_unit:inst1|lpm_mux7:inst|lpm_mux:lpm_mux_component|mux_r5e:auto_generated|l1_w12_n0_mux_dataout           ; |cache_row_unit|cache_row_memory_unit:inst1|lpm_mux7:inst|lpm_mux:lpm_mux_component|mux_r5e:auto_generated|l1_w12_n0_mux_dataout           ; out0             ;
; |cache_row_unit|cache_row_memory_unit:inst1|lpm_mux7:inst|lpm_mux:lpm_mux_component|mux_r5e:auto_generated|l1_w12_n1_mux_dataout~0         ; |cache_row_unit|cache_row_memory_unit:inst1|lpm_mux7:inst|lpm_mux:lpm_mux_component|mux_r5e:auto_generated|l1_w12_n1_mux_dataout~0         ; out0             ;
; |cache_row_unit|cache_row_memory_unit:inst1|lpm_mux7:inst|lpm_mux:lpm_mux_component|mux_r5e:auto_generated|l1_w12_n1_mux_dataout~1         ; |cache_row_unit|cache_row_memory_unit:inst1|lpm_mux7:inst|lpm_mux:lpm_mux_component|mux_r5e:auto_generated|l1_w12_n1_mux_dataout~1         ; out0             ;
; |cache_row_unit|cache_row_memory_unit:inst1|lpm_mux7:inst|lpm_mux:lpm_mux_component|mux_r5e:auto_generated|l1_w12_n1_mux_dataout           ; |cache_row_unit|cache_row_memory_unit:inst1|lpm_mux7:inst|lpm_mux:lpm_mux_component|mux_r5e:auto_generated|l1_w12_n1_mux_dataout           ; out0             ;
; |cache_row_unit|cache_row_memory_unit:inst1|lpm_mux7:inst|lpm_mux:lpm_mux_component|mux_r5e:auto_generated|l1_w13_n0_mux_dataout~0         ; |cache_row_unit|cache_row_memory_unit:inst1|lpm_mux7:inst|lpm_mux:lpm_mux_component|mux_r5e:auto_generated|l1_w13_n0_mux_dataout~0         ; out0             ;
; |cache_row_unit|cache_row_memory_unit:inst1|lpm_mux7:inst|lpm_mux:lpm_mux_component|mux_r5e:auto_generated|l1_w13_n0_mux_dataout~1         ; |cache_row_unit|cache_row_memory_unit:inst1|lpm_mux7:inst|lpm_mux:lpm_mux_component|mux_r5e:auto_generated|l1_w13_n0_mux_dataout~1         ; out0             ;
; |cache_row_unit|cache_row_memory_unit:inst1|lpm_mux7:inst|lpm_mux:lpm_mux_component|mux_r5e:auto_generated|l1_w13_n0_mux_dataout           ; |cache_row_unit|cache_row_memory_unit:inst1|lpm_mux7:inst|lpm_mux:lpm_mux_component|mux_r5e:auto_generated|l1_w13_n0_mux_dataout           ; out0             ;
; |cache_row_unit|cache_row_memory_unit:inst1|lpm_mux7:inst|lpm_mux:lpm_mux_component|mux_r5e:auto_generated|l1_w13_n1_mux_dataout~0         ; |cache_row_unit|cache_row_memory_unit:inst1|lpm_mux7:inst|lpm_mux:lpm_mux_component|mux_r5e:auto_generated|l1_w13_n1_mux_dataout~0         ; out0             ;
; |cache_row_unit|cache_row_memory_unit:inst1|lpm_mux7:inst|lpm_mux:lpm_mux_component|mux_r5e:auto_generated|l1_w13_n1_mux_dataout~1         ; |cache_row_unit|cache_row_memory_unit:inst1|lpm_mux7:inst|lpm_mux:lpm_mux_component|mux_r5e:auto_generated|l1_w13_n1_mux_dataout~1         ; out0             ;
; |cache_row_unit|cache_row_memory_unit:inst1|lpm_mux7:inst|lpm_mux:lpm_mux_component|mux_r5e:auto_generated|l1_w13_n1_mux_dataout           ; |cache_row_unit|cache_row_memory_unit:inst1|lpm_mux7:inst|lpm_mux:lpm_mux_component|mux_r5e:auto_generated|l1_w13_n1_mux_dataout           ; out0             ;
; |cache_row_unit|cache_row_memory_unit:inst1|lpm_mux7:inst|lpm_mux:lpm_mux_component|mux_r5e:auto_generated|l1_w14_n0_mux_dataout~0         ; |cache_row_unit|cache_row_memory_unit:inst1|lpm_mux7:inst|lpm_mux:lpm_mux_component|mux_r5e:auto_generated|l1_w14_n0_mux_dataout~0         ; out0             ;
; |cache_row_unit|cache_row_memory_unit:inst1|lpm_mux7:inst|lpm_mux:lpm_mux_component|mux_r5e:auto_generated|l1_w14_n0_mux_dataout~1         ; |cache_row_unit|cache_row_memory_unit:inst1|lpm_mux7:inst|lpm_mux:lpm_mux_component|mux_r5e:auto_generated|l1_w14_n0_mux_dataout~1         ; out0             ;
; |cache_row_unit|cache_row_memory_unit:inst1|lpm_mux7:inst|lpm_mux:lpm_mux_component|mux_r5e:auto_generated|l1_w14_n0_mux_dataout           ; |cache_row_unit|cache_row_memory_unit:inst1|lpm_mux7:inst|lpm_mux:lpm_mux_component|mux_r5e:auto_generated|l1_w14_n0_mux_dataout           ; out0             ;
; |cache_row_unit|cache_row_memory_unit:inst1|lpm_mux7:inst|lpm_mux:lpm_mux_component|mux_r5e:auto_generated|l1_w14_n1_mux_dataout~0         ; |cache_row_unit|cache_row_memory_unit:inst1|lpm_mux7:inst|lpm_mux:lpm_mux_component|mux_r5e:auto_generated|l1_w14_n1_mux_dataout~0         ; out0             ;
; |cache_row_unit|cache_row_memory_unit:inst1|lpm_mux7:inst|lpm_mux:lpm_mux_component|mux_r5e:auto_generated|l1_w14_n1_mux_dataout~1         ; |cache_row_unit|cache_row_memory_unit:inst1|lpm_mux7:inst|lpm_mux:lpm_mux_component|mux_r5e:auto_generated|l1_w14_n1_mux_dataout~1         ; out0             ;
; |cache_row_unit|cache_row_memory_unit:inst1|lpm_mux7:inst|lpm_mux:lpm_mux_component|mux_r5e:auto_generated|l1_w14_n1_mux_dataout           ; |cache_row_unit|cache_row_memory_unit:inst1|lpm_mux7:inst|lpm_mux:lpm_mux_component|mux_r5e:auto_generated|l1_w14_n1_mux_dataout           ; out0             ;
; |cache_row_unit|cache_row_memory_unit:inst1|lpm_mux7:inst|lpm_mux:lpm_mux_component|mux_r5e:auto_generated|l1_w15_n0_mux_dataout~0         ; |cache_row_unit|cache_row_memory_unit:inst1|lpm_mux7:inst|lpm_mux:lpm_mux_component|mux_r5e:auto_generated|l1_w15_n0_mux_dataout~0         ; out0             ;
; |cache_row_unit|cache_row_memory_unit:inst1|lpm_mux7:inst|lpm_mux:lpm_mux_component|mux_r5e:auto_generated|l1_w15_n0_mux_dataout~1         ; |cache_row_unit|cache_row_memory_unit:inst1|lpm_mux7:inst|lpm_mux:lpm_mux_component|mux_r5e:auto_generated|l1_w15_n0_mux_dataout~1         ; out0             ;
; |cache_row_unit|cache_row_memory_unit:inst1|lpm_mux7:inst|lpm_mux:lpm_mux_component|mux_r5e:auto_generated|l1_w15_n0_mux_dataout           ; |cache_row_unit|cache_row_memory_unit:inst1|lpm_mux7:inst|lpm_mux:lpm_mux_component|mux_r5e:auto_generated|l1_w15_n0_mux_dataout           ; out0             ;
; |cache_row_unit|cache_row_memory_unit:inst1|lpm_mux7:inst|lpm_mux:lpm_mux_component|mux_r5e:auto_generated|l1_w15_n1_mux_dataout~0         ; |cache_row_unit|cache_row_memory_unit:inst1|lpm_mux7:inst|lpm_mux:lpm_mux_component|mux_r5e:auto_generated|l1_w15_n1_mux_dataout~0         ; out0             ;
; |cache_row_unit|cache_row_memory_unit:inst1|lpm_mux7:inst|lpm_mux:lpm_mux_component|mux_r5e:auto_generated|l1_w15_n1_mux_dataout~1         ; |cache_row_unit|cache_row_memory_unit:inst1|lpm_mux7:inst|lpm_mux:lpm_mux_component|mux_r5e:auto_generated|l1_w15_n1_mux_dataout~1         ; out0             ;
; |cache_row_unit|cache_row_memory_unit:inst1|lpm_mux7:inst|lpm_mux:lpm_mux_component|mux_r5e:auto_generated|l1_w15_n1_mux_dataout           ; |cache_row_unit|cache_row_memory_unit:inst1|lpm_mux7:inst|lpm_mux:lpm_mux_component|mux_r5e:auto_generated|l1_w15_n1_mux_dataout           ; out0             ;
; |cache_row_unit|cache_row_memory_unit:inst1|lpm_mux7:inst|lpm_mux:lpm_mux_component|mux_r5e:auto_generated|l1_w2_n1_mux_dataout~0          ; |cache_row_unit|cache_row_memory_unit:inst1|lpm_mux7:inst|lpm_mux:lpm_mux_component|mux_r5e:auto_generated|l1_w2_n1_mux_dataout~0          ; out0             ;
; |cache_row_unit|cache_row_memory_unit:inst1|lpm_mux7:inst|lpm_mux:lpm_mux_component|mux_r5e:auto_generated|l1_w4_n0_mux_dataout~0          ; |cache_row_unit|cache_row_memory_unit:inst1|lpm_mux7:inst|lpm_mux:lpm_mux_component|mux_r5e:auto_generated|l1_w4_n0_mux_dataout~0          ; out0             ;
; |cache_row_unit|cache_row_memory_unit:inst1|lpm_mux7:inst|lpm_mux:lpm_mux_component|mux_r5e:auto_generated|l1_w5_n0_mux_dataout~1          ; |cache_row_unit|cache_row_memory_unit:inst1|lpm_mux7:inst|lpm_mux:lpm_mux_component|mux_r5e:auto_generated|l1_w5_n0_mux_dataout~1          ; out0             ;
; |cache_row_unit|cache_row_memory_unit:inst1|lpm_mux7:inst|lpm_mux:lpm_mux_component|mux_r5e:auto_generated|l1_w5_n1_mux_dataout~0          ; |cache_row_unit|cache_row_memory_unit:inst1|lpm_mux7:inst|lpm_mux:lpm_mux_component|mux_r5e:auto_generated|l1_w5_n1_mux_dataout~0          ; out0             ;
; |cache_row_unit|cache_row_memory_unit:inst1|lpm_mux7:inst|lpm_mux:lpm_mux_component|mux_r5e:auto_generated|l1_w5_n1_mux_dataout~1          ; |cache_row_unit|cache_row_memory_unit:inst1|lpm_mux7:inst|lpm_mux:lpm_mux_component|mux_r5e:auto_generated|l1_w5_n1_mux_dataout~1          ; out0             ;
; |cache_row_unit|cache_row_memory_unit:inst1|lpm_mux7:inst|lpm_mux:lpm_mux_component|mux_r5e:auto_generated|l1_w5_n1_mux_dataout            ; |cache_row_unit|cache_row_memory_unit:inst1|lpm_mux7:inst|lpm_mux:lpm_mux_component|mux_r5e:auto_generated|l1_w5_n1_mux_dataout            ; out0             ;
; |cache_row_unit|cache_row_memory_unit:inst1|lpm_mux7:inst|lpm_mux:lpm_mux_component|mux_r5e:auto_generated|l1_w6_n0_mux_dataout~0          ; |cache_row_unit|cache_row_memory_unit:inst1|lpm_mux7:inst|lpm_mux:lpm_mux_component|mux_r5e:auto_generated|l1_w6_n0_mux_dataout~0          ; out0             ;
; |cache_row_unit|cache_row_memory_unit:inst1|lpm_mux7:inst|lpm_mux:lpm_mux_component|mux_r5e:auto_generated|l1_w6_n0_mux_dataout~1          ; |cache_row_unit|cache_row_memory_unit:inst1|lpm_mux7:inst|lpm_mux:lpm_mux_component|mux_r5e:auto_generated|l1_w6_n0_mux_dataout~1          ; out0             ;
; |cache_row_unit|cache_row_memory_unit:inst1|lpm_mux7:inst|lpm_mux:lpm_mux_component|mux_r5e:auto_generated|l1_w6_n0_mux_dataout            ; |cache_row_unit|cache_row_memory_unit:inst1|lpm_mux7:inst|lpm_mux:lpm_mux_component|mux_r5e:auto_generated|l1_w6_n0_mux_dataout            ; out0             ;
; |cache_row_unit|cache_row_memory_unit:inst1|lpm_mux7:inst|lpm_mux:lpm_mux_component|mux_r5e:auto_generated|l1_w7_n0_mux_dataout~0          ; |cache_row_unit|cache_row_memory_unit:inst1|lpm_mux7:inst|lpm_mux:lpm_mux_component|mux_r5e:auto_generated|l1_w7_n0_mux_dataout~0          ; out0             ;
; |cache_row_unit|cache_row_memory_unit:inst1|lpm_mux7:inst|lpm_mux:lpm_mux_component|mux_r5e:auto_generated|l1_w7_n0_mux_dataout~1          ; |cache_row_unit|cache_row_memory_unit:inst1|lpm_mux7:inst|lpm_mux:lpm_mux_component|mux_r5e:auto_generated|l1_w7_n0_mux_dataout~1          ; out0             ;
; |cache_row_unit|cache_row_memory_unit:inst1|lpm_mux7:inst|lpm_mux:lpm_mux_component|mux_r5e:auto_generated|l1_w7_n0_mux_dataout            ; |cache_row_unit|cache_row_memory_unit:inst1|lpm_mux7:inst|lpm_mux:lpm_mux_component|mux_r5e:auto_generated|l1_w7_n0_mux_dataout            ; out0             ;
; |cache_row_unit|cache_row_memory_unit:inst1|lpm_mux7:inst|lpm_mux:lpm_mux_component|mux_r5e:auto_generated|l1_w7_n1_mux_dataout~0          ; |cache_row_unit|cache_row_memory_unit:inst1|lpm_mux7:inst|lpm_mux:lpm_mux_component|mux_r5e:auto_generated|l1_w7_n1_mux_dataout~0          ; out0             ;
; |cache_row_unit|cache_row_memory_unit:inst1|lpm_mux7:inst|lpm_mux:lpm_mux_component|mux_r5e:auto_generated|l1_w7_n1_mux_dataout~1          ; |cache_row_unit|cache_row_memory_unit:inst1|lpm_mux7:inst|lpm_mux:lpm_mux_component|mux_r5e:auto_generated|l1_w7_n1_mux_dataout~1          ; out0             ;
; |cache_row_unit|cache_row_memory_unit:inst1|lpm_mux7:inst|lpm_mux:lpm_mux_component|mux_r5e:auto_generated|l1_w7_n1_mux_dataout            ; |cache_row_unit|cache_row_memory_unit:inst1|lpm_mux7:inst|lpm_mux:lpm_mux_component|mux_r5e:auto_generated|l1_w7_n1_mux_dataout            ; out0             ;
; |cache_row_unit|cache_row_memory_unit:inst1|lpm_mux7:inst|lpm_mux:lpm_mux_component|mux_r5e:auto_generated|l1_w8_n0_mux_dataout~0          ; |cache_row_unit|cache_row_memory_unit:inst1|lpm_mux7:inst|lpm_mux:lpm_mux_component|mux_r5e:auto_generated|l1_w8_n0_mux_dataout~0          ; out0             ;
; |cache_row_unit|cache_row_memory_unit:inst1|lpm_mux7:inst|lpm_mux:lpm_mux_component|mux_r5e:auto_generated|l1_w8_n0_mux_dataout~1          ; |cache_row_unit|cache_row_memory_unit:inst1|lpm_mux7:inst|lpm_mux:lpm_mux_component|mux_r5e:auto_generated|l1_w8_n0_mux_dataout~1          ; out0             ;
; |cache_row_unit|cache_row_memory_unit:inst1|lpm_mux7:inst|lpm_mux:lpm_mux_component|mux_r5e:auto_generated|l1_w8_n0_mux_dataout            ; |cache_row_unit|cache_row_memory_unit:inst1|lpm_mux7:inst|lpm_mux:lpm_mux_component|mux_r5e:auto_generated|l1_w8_n0_mux_dataout            ; out0             ;
; |cache_row_unit|cache_row_memory_unit:inst1|lpm_mux7:inst|lpm_mux:lpm_mux_component|mux_r5e:auto_generated|l1_w8_n1_mux_dataout~0          ; |cache_row_unit|cache_row_memory_unit:inst1|lpm_mux7:inst|lpm_mux:lpm_mux_component|mux_r5e:auto_generated|l1_w8_n1_mux_dataout~0          ; out0             ;
; |cache_row_unit|cache_row_memory_unit:inst1|lpm_mux7:inst|lpm_mux:lpm_mux_component|mux_r5e:auto_generated|l1_w8_n1_mux_dataout~1          ; |cache_row_unit|cache_row_memory_unit:inst1|lpm_mux7:inst|lpm_mux:lpm_mux_component|mux_r5e:auto_generated|l1_w8_n1_mux_dataout~1          ; out0             ;
; |cache_row_unit|cache_row_memory_unit:inst1|lpm_mux7:inst|lpm_mux:lpm_mux_component|mux_r5e:auto_generated|l1_w8_n1_mux_dataout            ; |cache_row_unit|cache_row_memory_unit:inst1|lpm_mux7:inst|lpm_mux:lpm_mux_component|mux_r5e:auto_generated|l1_w8_n1_mux_dataout            ; out0             ;
; |cache_row_unit|cache_row_memory_unit:inst1|lpm_mux7:inst|lpm_mux:lpm_mux_component|mux_r5e:auto_generated|l1_w9_n0_mux_dataout~0          ; |cache_row_unit|cache_row_memory_unit:inst1|lpm_mux7:inst|lpm_mux:lpm_mux_component|mux_r5e:auto_generated|l1_w9_n0_mux_dataout~0          ; out0             ;
; |cache_row_unit|cache_row_memory_unit:inst1|lpm_mux7:inst|lpm_mux:lpm_mux_component|mux_r5e:auto_generated|l1_w9_n0_mux_dataout~1          ; |cache_row_unit|cache_row_memory_unit:inst1|lpm_mux7:inst|lpm_mux:lpm_mux_component|mux_r5e:auto_generated|l1_w9_n0_mux_dataout~1          ; out0             ;
; |cache_row_unit|cache_row_memory_unit:inst1|lpm_mux7:inst|lpm_mux:lpm_mux_component|mux_r5e:auto_generated|l1_w9_n0_mux_dataout            ; |cache_row_unit|cache_row_memory_unit:inst1|lpm_mux7:inst|lpm_mux:lpm_mux_component|mux_r5e:auto_generated|l1_w9_n0_mux_dataout            ; out0             ;
; |cache_row_unit|cache_row_memory_unit:inst1|lpm_mux7:inst|lpm_mux:lpm_mux_component|mux_r5e:auto_generated|l1_w9_n1_mux_dataout~0          ; |cache_row_unit|cache_row_memory_unit:inst1|lpm_mux7:inst|lpm_mux:lpm_mux_component|mux_r5e:auto_generated|l1_w9_n1_mux_dataout~0          ; out0             ;
; |cache_row_unit|cache_row_memory_unit:inst1|lpm_mux7:inst|lpm_mux:lpm_mux_component|mux_r5e:auto_generated|l1_w9_n1_mux_dataout~1          ; |cache_row_unit|cache_row_memory_unit:inst1|lpm_mux7:inst|lpm_mux:lpm_mux_component|mux_r5e:auto_generated|l1_w9_n1_mux_dataout~1          ; out0             ;
; |cache_row_unit|cache_row_memory_unit:inst1|lpm_mux7:inst|lpm_mux:lpm_mux_component|mux_r5e:auto_generated|l1_w9_n1_mux_dataout            ; |cache_row_unit|cache_row_memory_unit:inst1|lpm_mux7:inst|lpm_mux:lpm_mux_component|mux_r5e:auto_generated|l1_w9_n1_mux_dataout            ; out0             ;
; |cache_row_unit|cache_row_memory_unit:inst1|lpm_mux7:inst|lpm_mux:lpm_mux_component|mux_r5e:auto_generated|l2_w10_n0_mux_dataout~0         ; |cache_row_unit|cache_row_memory_unit:inst1|lpm_mux7:inst|lpm_mux:lpm_mux_component|mux_r5e:auto_generated|l2_w10_n0_mux_dataout~0         ; out0             ;
; |cache_row_unit|cache_row_memory_unit:inst1|lpm_mux7:inst|lpm_mux:lpm_mux_component|mux_r5e:auto_generated|l2_w10_n0_mux_dataout~1         ; |cache_row_unit|cache_row_memory_unit:inst1|lpm_mux7:inst|lpm_mux:lpm_mux_component|mux_r5e:auto_generated|l2_w10_n0_mux_dataout~1         ; out0             ;
; |cache_row_unit|cache_row_memory_unit:inst1|lpm_mux7:inst|lpm_mux:lpm_mux_component|mux_r5e:auto_generated|l2_w10_n0_mux_dataout           ; |cache_row_unit|cache_row_memory_unit:inst1|lpm_mux7:inst|lpm_mux:lpm_mux_component|mux_r5e:auto_generated|l2_w10_n0_mux_dataout           ; out0             ;
; |cache_row_unit|cache_row_memory_unit:inst1|lpm_mux7:inst|lpm_mux:lpm_mux_component|mux_r5e:auto_generated|l2_w11_n0_mux_dataout~0         ; |cache_row_unit|cache_row_memory_unit:inst1|lpm_mux7:inst|lpm_mux:lpm_mux_component|mux_r5e:auto_generated|l2_w11_n0_mux_dataout~0         ; out0             ;
; |cache_row_unit|cache_row_memory_unit:inst1|lpm_mux7:inst|lpm_mux:lpm_mux_component|mux_r5e:auto_generated|l2_w11_n0_mux_dataout~1         ; |cache_row_unit|cache_row_memory_unit:inst1|lpm_mux7:inst|lpm_mux:lpm_mux_component|mux_r5e:auto_generated|l2_w11_n0_mux_dataout~1         ; out0             ;
; |cache_row_unit|cache_row_memory_unit:inst1|lpm_mux7:inst|lpm_mux:lpm_mux_component|mux_r5e:auto_generated|l2_w11_n0_mux_dataout           ; |cache_row_unit|cache_row_memory_unit:inst1|lpm_mux7:inst|lpm_mux:lpm_mux_component|mux_r5e:auto_generated|l2_w11_n0_mux_dataout           ; out0             ;
; |cache_row_unit|cache_row_memory_unit:inst1|lpm_mux7:inst|lpm_mux:lpm_mux_component|mux_r5e:auto_generated|l2_w12_n0_mux_dataout~0         ; |cache_row_unit|cache_row_memory_unit:inst1|lpm_mux7:inst|lpm_mux:lpm_mux_component|mux_r5e:auto_generated|l2_w12_n0_mux_dataout~0         ; out0             ;
; |cache_row_unit|cache_row_memory_unit:inst1|lpm_mux7:inst|lpm_mux:lpm_mux_component|mux_r5e:auto_generated|l2_w12_n0_mux_dataout~1         ; |cache_row_unit|cache_row_memory_unit:inst1|lpm_mux7:inst|lpm_mux:lpm_mux_component|mux_r5e:auto_generated|l2_w12_n0_mux_dataout~1         ; out0             ;
; |cache_row_unit|cache_row_memory_unit:inst1|lpm_mux7:inst|lpm_mux:lpm_mux_component|mux_r5e:auto_generated|l2_w12_n0_mux_dataout           ; |cache_row_unit|cache_row_memory_unit:inst1|lpm_mux7:inst|lpm_mux:lpm_mux_component|mux_r5e:auto_generated|l2_w12_n0_mux_dataout           ; out0             ;
; |cache_row_unit|cache_row_memory_unit:inst1|lpm_mux7:inst|lpm_mux:lpm_mux_component|mux_r5e:auto_generated|l2_w13_n0_mux_dataout~0         ; |cache_row_unit|cache_row_memory_unit:inst1|lpm_mux7:inst|lpm_mux:lpm_mux_component|mux_r5e:auto_generated|l2_w13_n0_mux_dataout~0         ; out0             ;
; |cache_row_unit|cache_row_memory_unit:inst1|lpm_mux7:inst|lpm_mux:lpm_mux_component|mux_r5e:auto_generated|l2_w13_n0_mux_dataout~1         ; |cache_row_unit|cache_row_memory_unit:inst1|lpm_mux7:inst|lpm_mux:lpm_mux_component|mux_r5e:auto_generated|l2_w13_n0_mux_dataout~1         ; out0             ;
; |cache_row_unit|cache_row_memory_unit:inst1|lpm_mux7:inst|lpm_mux:lpm_mux_component|mux_r5e:auto_generated|l2_w13_n0_mux_dataout           ; |cache_row_unit|cache_row_memory_unit:inst1|lpm_mux7:inst|lpm_mux:lpm_mux_component|mux_r5e:auto_generated|l2_w13_n0_mux_dataout           ; out0             ;
; |cache_row_unit|cache_row_memory_unit:inst1|lpm_mux7:inst|lpm_mux:lpm_mux_component|mux_r5e:auto_generated|l2_w14_n0_mux_dataout~0         ; |cache_row_unit|cache_row_memory_unit:inst1|lpm_mux7:inst|lpm_mux:lpm_mux_component|mux_r5e:auto_generated|l2_w14_n0_mux_dataout~0         ; out0             ;
; |cache_row_unit|cache_row_memory_unit:inst1|lpm_mux7:inst|lpm_mux:lpm_mux_component|mux_r5e:auto_generated|l2_w14_n0_mux_dataout~1         ; |cache_row_unit|cache_row_memory_unit:inst1|lpm_mux7:inst|lpm_mux:lpm_mux_component|mux_r5e:auto_generated|l2_w14_n0_mux_dataout~1         ; out0             ;
; |cache_row_unit|cache_row_memory_unit:inst1|lpm_mux7:inst|lpm_mux:lpm_mux_component|mux_r5e:auto_generated|l2_w14_n0_mux_dataout           ; |cache_row_unit|cache_row_memory_unit:inst1|lpm_mux7:inst|lpm_mux:lpm_mux_component|mux_r5e:auto_generated|l2_w14_n0_mux_dataout           ; out0             ;
; |cache_row_unit|cache_row_memory_unit:inst1|lpm_mux7:inst|lpm_mux:lpm_mux_component|mux_r5e:auto_generated|l2_w15_n0_mux_dataout~0         ; |cache_row_unit|cache_row_memory_unit:inst1|lpm_mux7:inst|lpm_mux:lpm_mux_component|mux_r5e:auto_generated|l2_w15_n0_mux_dataout~0         ; out0             ;
; |cache_row_unit|cache_row_memory_unit:inst1|lpm_mux7:inst|lpm_mux:lpm_mux_component|mux_r5e:auto_generated|l2_w15_n0_mux_dataout~1         ; |cache_row_unit|cache_row_memory_unit:inst1|lpm_mux7:inst|lpm_mux:lpm_mux_component|mux_r5e:auto_generated|l2_w15_n0_mux_dataout~1         ; out0             ;
; |cache_row_unit|cache_row_memory_unit:inst1|lpm_mux7:inst|lpm_mux:lpm_mux_component|mux_r5e:auto_generated|l2_w15_n0_mux_dataout           ; |cache_row_unit|cache_row_memory_unit:inst1|lpm_mux7:inst|lpm_mux:lpm_mux_component|mux_r5e:auto_generated|l2_w15_n0_mux_dataout           ; out0             ;
; |cache_row_unit|cache_row_memory_unit:inst1|lpm_mux7:inst|lpm_mux:lpm_mux_component|mux_r5e:auto_generated|l2_w5_n0_mux_dataout~0          ; |cache_row_unit|cache_row_memory_unit:inst1|lpm_mux7:inst|lpm_mux:lpm_mux_component|mux_r5e:auto_generated|l2_w5_n0_mux_dataout~0          ; out0             ;
; |cache_row_unit|cache_row_memory_unit:inst1|lpm_mux7:inst|lpm_mux:lpm_mux_component|mux_r5e:auto_generated|l2_w6_n0_mux_dataout~1          ; |cache_row_unit|cache_row_memory_unit:inst1|lpm_mux7:inst|lpm_mux:lpm_mux_component|mux_r5e:auto_generated|l2_w6_n0_mux_dataout~1          ; out0             ;
; |cache_row_unit|cache_row_memory_unit:inst1|lpm_mux7:inst|lpm_mux:lpm_mux_component|mux_r5e:auto_generated|l2_w7_n0_mux_dataout~0          ; |cache_row_unit|cache_row_memory_unit:inst1|lpm_mux7:inst|lpm_mux:lpm_mux_component|mux_r5e:auto_generated|l2_w7_n0_mux_dataout~0          ; out0             ;
; |cache_row_unit|cache_row_memory_unit:inst1|lpm_mux7:inst|lpm_mux:lpm_mux_component|mux_r5e:auto_generated|l2_w7_n0_mux_dataout~1          ; |cache_row_unit|cache_row_memory_unit:inst1|lpm_mux7:inst|lpm_mux:lpm_mux_component|mux_r5e:auto_generated|l2_w7_n0_mux_dataout~1          ; out0             ;
; |cache_row_unit|cache_row_memory_unit:inst1|lpm_mux7:inst|lpm_mux:lpm_mux_component|mux_r5e:auto_generated|l2_w7_n0_mux_dataout            ; |cache_row_unit|cache_row_memory_unit:inst1|lpm_mux7:inst|lpm_mux:lpm_mux_component|mux_r5e:auto_generated|l2_w7_n0_mux_dataout            ; out0             ;
; |cache_row_unit|cache_row_memory_unit:inst1|lpm_mux7:inst|lpm_mux:lpm_mux_component|mux_r5e:auto_generated|l2_w8_n0_mux_dataout~0          ; |cache_row_unit|cache_row_memory_unit:inst1|lpm_mux7:inst|lpm_mux:lpm_mux_component|mux_r5e:auto_generated|l2_w8_n0_mux_dataout~0          ; out0             ;
; |cache_row_unit|cache_row_memory_unit:inst1|lpm_mux7:inst|lpm_mux:lpm_mux_component|mux_r5e:auto_generated|l2_w8_n0_mux_dataout~1          ; |cache_row_unit|cache_row_memory_unit:inst1|lpm_mux7:inst|lpm_mux:lpm_mux_component|mux_r5e:auto_generated|l2_w8_n0_mux_dataout~1          ; out0             ;
; |cache_row_unit|cache_row_memory_unit:inst1|lpm_mux7:inst|lpm_mux:lpm_mux_component|mux_r5e:auto_generated|l2_w8_n0_mux_dataout            ; |cache_row_unit|cache_row_memory_unit:inst1|lpm_mux7:inst|lpm_mux:lpm_mux_component|mux_r5e:auto_generated|l2_w8_n0_mux_dataout            ; out0             ;
; |cache_row_unit|cache_row_memory_unit:inst1|lpm_mux7:inst|lpm_mux:lpm_mux_component|mux_r5e:auto_generated|l2_w9_n0_mux_dataout~0          ; |cache_row_unit|cache_row_memory_unit:inst1|lpm_mux7:inst|lpm_mux:lpm_mux_component|mux_r5e:auto_generated|l2_w9_n0_mux_dataout~0          ; out0             ;
; |cache_row_unit|cache_row_memory_unit:inst1|lpm_mux7:inst|lpm_mux:lpm_mux_component|mux_r5e:auto_generated|l2_w9_n0_mux_dataout~1          ; |cache_row_unit|cache_row_memory_unit:inst1|lpm_mux7:inst|lpm_mux:lpm_mux_component|mux_r5e:auto_generated|l2_w9_n0_mux_dataout~1          ; out0             ;
; |cache_row_unit|cache_row_memory_unit:inst1|lpm_mux7:inst|lpm_mux:lpm_mux_component|mux_r5e:auto_generated|l2_w9_n0_mux_dataout            ; |cache_row_unit|cache_row_memory_unit:inst1|lpm_mux7:inst|lpm_mux:lpm_mux_component|mux_r5e:auto_generated|l2_w9_n0_mux_dataout            ; out0             ;
; |cache_row_unit|cache_row_memory_unit:inst1|lpm_bustri0:inst24|lpm_bustri:lpm_bustri_component|dout[15]                                    ; |cache_row_unit|cache_row_memory_unit:inst1|lpm_bustri0:inst24|lpm_bustri:lpm_bustri_component|dout[15]                                    ; out              ;
; |cache_row_unit|cache_row_memory_unit:inst1|lpm_bustri0:inst24|lpm_bustri:lpm_bustri_component|dout[14]                                    ; |cache_row_unit|cache_row_memory_unit:inst1|lpm_bustri0:inst24|lpm_bustri:lpm_bustri_component|dout[14]                                    ; out              ;
; |cache_row_unit|cache_row_memory_unit:inst1|lpm_bustri0:inst24|lpm_bustri:lpm_bustri_component|dout[13]                                    ; |cache_row_unit|cache_row_memory_unit:inst1|lpm_bustri0:inst24|lpm_bustri:lpm_bustri_component|dout[13]                                    ; out              ;
; |cache_row_unit|cache_row_memory_unit:inst1|lpm_bustri0:inst24|lpm_bustri:lpm_bustri_component|dout[12]                                    ; |cache_row_unit|cache_row_memory_unit:inst1|lpm_bustri0:inst24|lpm_bustri:lpm_bustri_component|dout[12]                                    ; out              ;
; |cache_row_unit|cache_row_memory_unit:inst1|lpm_bustri0:inst24|lpm_bustri:lpm_bustri_component|dout[11]                                    ; |cache_row_unit|cache_row_memory_unit:inst1|lpm_bustri0:inst24|lpm_bustri:lpm_bustri_component|dout[11]                                    ; out              ;
; |cache_row_unit|cache_row_memory_unit:inst1|lpm_bustri0:inst24|lpm_bustri:lpm_bustri_component|dout[10]                                    ; |cache_row_unit|cache_row_memory_unit:inst1|lpm_bustri0:inst24|lpm_bustri:lpm_bustri_component|dout[10]                                    ; out              ;
; |cache_row_unit|cache_row_memory_unit:inst1|lpm_bustri0:inst24|lpm_bustri:lpm_bustri_component|dout[9]                                     ; |cache_row_unit|cache_row_memory_unit:inst1|lpm_bustri0:inst24|lpm_bustri:lpm_bustri_component|dout[9]                                     ; out              ;
; |cache_row_unit|cache_row_memory_unit:inst1|lpm_bustri0:inst24|lpm_bustri:lpm_bustri_component|dout[8]                                     ; |cache_row_unit|cache_row_memory_unit:inst1|lpm_bustri0:inst24|lpm_bustri:lpm_bustri_component|dout[8]                                     ; out              ;
; |cache_row_unit|cache_row_memory_unit:inst1|lpm_bustri0:inst24|lpm_bustri:lpm_bustri_component|dout[7]                                     ; |cache_row_unit|cache_row_memory_unit:inst1|lpm_bustri0:inst24|lpm_bustri:lpm_bustri_component|dout[7]                                     ; out              ;
; |cache_row_unit|cache_row_memory_unit:inst1|lpm_bustri0:inst24|lpm_bustri:lpm_bustri_component|dout[5]                                     ; |cache_row_unit|cache_row_memory_unit:inst1|lpm_bustri0:inst24|lpm_bustri:lpm_bustri_component|dout[5]                                     ; out              ;
; |cache_row_unit|cache_row_memory_unit:inst1|lpm_dff3:tag|lpm_ff:lpm_ff_component|dffs[9]                                                   ; |cache_row_unit|cache_row_memory_unit:inst1|lpm_dff3:tag|lpm_ff:lpm_ff_component|dffs[9]                                                   ; regout           ;
; |cache_row_unit|cache_row_memory_unit:inst1|lpm_dff3:tag|lpm_ff:lpm_ff_component|dffs[8]                                                   ; |cache_row_unit|cache_row_memory_unit:inst1|lpm_dff3:tag|lpm_ff:lpm_ff_component|dffs[8]                                                   ; regout           ;
; |cache_row_unit|cache_row_memory_unit:inst1|lpm_dff3:tag|lpm_ff:lpm_ff_component|dffs[7]                                                   ; |cache_row_unit|cache_row_memory_unit:inst1|lpm_dff3:tag|lpm_ff:lpm_ff_component|dffs[7]                                                   ; regout           ;
; |cache_row_unit|cache_row_memory_unit:inst1|lpm_dff3:tag|lpm_ff:lpm_ff_component|dffs[6]                                                   ; |cache_row_unit|cache_row_memory_unit:inst1|lpm_dff3:tag|lpm_ff:lpm_ff_component|dffs[6]                                                   ; regout           ;
; |cache_row_unit|cache_row_memory_unit:inst1|lpm_dff3:tag|lpm_ff:lpm_ff_component|dffs[5]                                                   ; |cache_row_unit|cache_row_memory_unit:inst1|lpm_dff3:tag|lpm_ff:lpm_ff_component|dffs[5]                                                   ; regout           ;
; |cache_row_unit|cache_row_memory_unit:inst1|lpm_dff3:tag|lpm_ff:lpm_ff_component|dffs[4]                                                   ; |cache_row_unit|cache_row_memory_unit:inst1|lpm_dff3:tag|lpm_ff:lpm_ff_component|dffs[4]                                                   ; regout           ;
; |cache_row_unit|cache_row_memory_unit:inst1|lpm_bustri1:inst25|lpm_bustri:lpm_bustri_component|dout[9]                                     ; |cache_row_unit|cache_row_memory_unit:inst1|lpm_bustri1:inst25|lpm_bustri:lpm_bustri_component|dout[9]                                     ; out              ;
; |cache_row_unit|cache_row_memory_unit:inst1|lpm_bustri1:inst25|lpm_bustri:lpm_bustri_component|dout[8]                                     ; |cache_row_unit|cache_row_memory_unit:inst1|lpm_bustri1:inst25|lpm_bustri:lpm_bustri_component|dout[8]                                     ; out              ;
; |cache_row_unit|cache_row_memory_unit:inst1|lpm_bustri1:inst25|lpm_bustri:lpm_bustri_component|dout[7]                                     ; |cache_row_unit|cache_row_memory_unit:inst1|lpm_bustri1:inst25|lpm_bustri:lpm_bustri_component|dout[7]                                     ; out              ;
; |cache_row_unit|cache_row_memory_unit:inst1|lpm_bustri1:inst25|lpm_bustri:lpm_bustri_component|dout[6]                                     ; |cache_row_unit|cache_row_memory_unit:inst1|lpm_bustri1:inst25|lpm_bustri:lpm_bustri_component|dout[6]                                     ; out              ;
; |cache_row_unit|cache_row_memory_unit:inst1|lpm_bustri1:inst25|lpm_bustri:lpm_bustri_component|dout[5]                                     ; |cache_row_unit|cache_row_memory_unit:inst1|lpm_bustri1:inst25|lpm_bustri:lpm_bustri_component|dout[5]                                     ; out              ;
; |cache_row_unit|cache_row_memory_unit:inst1|lpm_bustri1:inst25|lpm_bustri:lpm_bustri_component|dout[4]                                     ; |cache_row_unit|cache_row_memory_unit:inst1|lpm_bustri1:inst25|lpm_bustri:lpm_bustri_component|dout[4]                                     ; out              ;
; |cache_row_unit|cache_row_controller_unit:inst|lpm_compare1:inst6|lpm_compare:lpm_compare_component|cmpr_big:auto_generated|data_wire[1]~0 ; |cache_row_unit|cache_row_controller_unit:inst|lpm_compare1:inst6|lpm_compare:lpm_compare_component|cmpr_big:auto_generated|data_wire[1]~0 ; out0             ;
; |cache_row_unit|cache_row_controller_unit:inst|lpm_compare1:inst6|lpm_compare:lpm_compare_component|cmpr_big:auto_generated|data_wire[1]~1 ; |cache_row_unit|cache_row_controller_unit:inst|lpm_compare1:inst6|lpm_compare:lpm_compare_component|cmpr_big:auto_generated|data_wire[1]~1 ; out0             ;
; |cache_row_unit|cache_row_controller_unit:inst|lpm_compare1:inst6|lpm_compare:lpm_compare_component|cmpr_big:auto_generated|data_wire[1]   ; |cache_row_unit|cache_row_controller_unit:inst|lpm_compare1:inst6|lpm_compare:lpm_compare_component|cmpr_big:auto_generated|data_wire[1]   ; out0             ;
; |cache_row_unit|cache_row_controller_unit:inst|lpm_compare1:inst6|lpm_compare:lpm_compare_component|cmpr_big:auto_generated|data_wire[0]~2 ; |cache_row_unit|cache_row_controller_unit:inst|lpm_compare1:inst6|lpm_compare:lpm_compare_component|cmpr_big:auto_generated|data_wire[0]~2 ; out0             ;
; |cache_row_unit|cache_row_controller_unit:inst|lpm_compare7:inst5|lpm_compare:lpm_compare_component|cmpr_ojg:auto_generated|data_wire[6]~0 ; |cache_row_unit|cache_row_controller_unit:inst|lpm_compare7:inst5|lpm_compare:lpm_compare_component|cmpr_ojg:auto_generated|data_wire[6]~0 ; out0             ;
; |cache_row_unit|cache_row_controller_unit:inst|lpm_compare7:inst5|lpm_compare:lpm_compare_component|cmpr_ojg:auto_generated|data_wire[6]~1 ; |cache_row_unit|cache_row_controller_unit:inst|lpm_compare7:inst5|lpm_compare:lpm_compare_component|cmpr_ojg:auto_generated|data_wire[6]~1 ; out0             ;
; |cache_row_unit|cache_row_controller_unit:inst|lpm_compare7:inst5|lpm_compare:lpm_compare_component|cmpr_ojg:auto_generated|data_wire[6]   ; |cache_row_unit|cache_row_controller_unit:inst|lpm_compare7:inst5|lpm_compare:lpm_compare_component|cmpr_ojg:auto_generated|data_wire[6]   ; out0             ;
; |cache_row_unit|cache_row_controller_unit:inst|lpm_compare7:inst5|lpm_compare:lpm_compare_component|cmpr_ojg:auto_generated|data_wire[5]~2 ; |cache_row_unit|cache_row_controller_unit:inst|lpm_compare7:inst5|lpm_compare:lpm_compare_component|cmpr_ojg:auto_generated|data_wire[5]~2 ; out0             ;
; |cache_row_unit|cache_row_controller_unit:inst|lpm_compare7:inst5|lpm_compare:lpm_compare_component|cmpr_ojg:auto_generated|data_wire[5]~3 ; |cache_row_unit|cache_row_controller_unit:inst|lpm_compare7:inst5|lpm_compare:lpm_compare_component|cmpr_ojg:auto_generated|data_wire[5]~3 ; out0             ;
; |cache_row_unit|cache_row_controller_unit:inst|lpm_compare7:inst5|lpm_compare:lpm_compare_component|cmpr_ojg:auto_generated|data_wire[5]   ; |cache_row_unit|cache_row_controller_unit:inst|lpm_compare7:inst5|lpm_compare:lpm_compare_component|cmpr_ojg:auto_generated|data_wire[5]   ; out0             ;
; |cache_row_unit|cache_row_controller_unit:inst|lpm_compare7:inst5|lpm_compare:lpm_compare_component|cmpr_ojg:auto_generated|data_wire[4]~4 ; |cache_row_unit|cache_row_controller_unit:inst|lpm_compare7:inst5|lpm_compare:lpm_compare_component|cmpr_ojg:auto_generated|data_wire[4]~4 ; out0             ;
; |cache_row_unit|cache_row_controller_unit:inst|lpm_compare7:inst5|lpm_compare:lpm_compare_component|cmpr_ojg:auto_generated|data_wire[4]~5 ; |cache_row_unit|cache_row_controller_unit:inst|lpm_compare7:inst5|lpm_compare:lpm_compare_component|cmpr_ojg:auto_generated|data_wire[4]~5 ; out0             ;
; |cache_row_unit|cache_row_controller_unit:inst|lpm_compare7:inst5|lpm_compare:lpm_compare_component|cmpr_ojg:auto_generated|data_wire[4]   ; |cache_row_unit|cache_row_controller_unit:inst|lpm_compare7:inst5|lpm_compare:lpm_compare_component|cmpr_ojg:auto_generated|data_wire[4]   ; out0             ;
+--------------------------------------------------------------------------------------------------------------------------------------------+--------------------------------------------------------------------------------------------------------------------------------------------+------------------+


The following table displays output ports that do not toggle to 0 during simulation.
+------------------------------------------------------------------------------------------------------------------------------------------------------------------------------------------------------------------------------------------------------------------------------------------------------------+
; Missing 0-Value Coverage                                                                                                                                                                                                                                                                                   ;
+--------------------------------------------------------------------------------------------------------------------------------------------+--------------------------------------------------------------------------------------------------------------------------------------------+------------------+
; Node Name                                                                                                                                  ; Output Port Name                                                                                                                           ; Output Port Type ;
+--------------------------------------------------------------------------------------------------------------------------------------------+--------------------------------------------------------------------------------------------------------------------------------------------+------------------+
; |cache_row_unit|reset_n                                                                                                                    ; |cache_row_unit|reset_n                                                                                                                    ; out              ;
; |cache_row_unit|word_in[15]                                                                                                                ; |cache_row_unit|word_in[15]                                                                                                                ; out              ;
; |cache_row_unit|word_in[14]                                                                                                                ; |cache_row_unit|word_in[14]                                                                                                                ; out              ;
; |cache_row_unit|word_in[13]                                                                                                                ; |cache_row_unit|word_in[13]                                                                                                                ; out              ;
; |cache_row_unit|word_in[12]                                                                                                                ; |cache_row_unit|word_in[12]                                                                                                                ; out              ;
; |cache_row_unit|word_in[11]                                                                                                                ; |cache_row_unit|word_in[11]                                                                                                                ; out              ;
; |cache_row_unit|word_in[10]                                                                                                                ; |cache_row_unit|word_in[10]                                                                                                                ; out              ;
; |cache_row_unit|word_in[9]                                                                                                                 ; |cache_row_unit|word_in[9]                                                                                                                 ; out              ;
; |cache_row_unit|word_in[8]                                                                                                                 ; |cache_row_unit|word_in[8]                                                                                                                 ; out              ;
; |cache_row_unit|word_in[7]                                                                                                                 ; |cache_row_unit|word_in[7]                                                                                                                 ; out              ;
; |cache_row_unit|addr[15]                                                                                                                   ; |cache_row_unit|addr[15]                                                                                                                   ; out              ;
; |cache_row_unit|addr[14]                                                                                                                   ; |cache_row_unit|addr[14]                                                                                                                   ; out              ;
; |cache_row_unit|addr[13]                                                                                                                   ; |cache_row_unit|addr[13]                                                                                                                   ; out              ;
; |cache_row_unit|addr[12]                                                                                                                   ; |cache_row_unit|addr[12]                                                                                                                   ; out              ;
; |cache_row_unit|addr[11]                                                                                                                   ; |cache_row_unit|addr[11]                                                                                                                   ; out              ;
; |cache_row_unit|addr[10]                                                                                                                   ; |cache_row_unit|addr[10]                                                                                                                   ; out              ;
; |cache_row_unit|addr[5]                                                                                                                    ; |cache_row_unit|addr[5]                                                                                                                    ; out              ;
; |cache_row_unit|addr[4]                                                                                                                    ; |cache_row_unit|addr[4]                                                                                                                    ; out              ;
; |cache_row_unit|addr[2]                                                                                                                    ; |cache_row_unit|addr[2]                                                                                                                    ; out              ;
; |cache_row_unit|rind[3]                                                                                                                    ; |cache_row_unit|rind[3]                                                                                                                    ; out              ;
; |cache_row_unit|rind[2]                                                                                                                    ; |cache_row_unit|rind[2]                                                                                                                    ; out              ;
; |cache_row_unit|rind[1]                                                                                                                    ; |cache_row_unit|rind[1]                                                                                                                    ; out              ;
; |cache_row_unit|rind[0]                                                                                                                    ; |cache_row_unit|rind[0]                                                                                                                    ; out              ;
; |cache_row_unit|tag_out[3]                                                                                                                 ; |cache_row_unit|tag_out[3]                                                                                                                 ; pin_out          ;
; |cache_row_unit|tag_out[2]                                                                                                                 ; |cache_row_unit|tag_out[2]                                                                                                                 ; pin_out          ;
; |cache_row_unit|tag_out[1]                                                                                                                 ; |cache_row_unit|tag_out[1]                                                                                                                 ; pin_out          ;
; |cache_row_unit|tag_out[0]                                                                                                                 ; |cache_row_unit|tag_out[0]                                                                                                                 ; pin_out          ;
; |cache_row_unit|word_in_RAM[3]                                                                                                             ; |cache_row_unit|word_in_RAM[3]                                                                                                             ; pin_out          ;
; |cache_row_unit|word_out[15]                                                                                                               ; |cache_row_unit|word_out[15]                                                                                                               ; pin_out          ;
; |cache_row_unit|word_out[14]                                                                                                               ; |cache_row_unit|word_out[14]                                                                                                               ; pin_out          ;
; |cache_row_unit|word_out[13]                                                                                                               ; |cache_row_unit|word_out[13]                                                                                                               ; pin_out          ;
; |cache_row_unit|word_out[12]                                                                                                               ; |cache_row_unit|word_out[12]                                                                                                               ; pin_out          ;
; |cache_row_unit|word_out[11]                                                                                                               ; |cache_row_unit|word_out[11]                                                                                                               ; pin_out          ;
; |cache_row_unit|word_out[10]                                                                                                               ; |cache_row_unit|word_out[10]                                                                                                               ; pin_out          ;
; |cache_row_unit|word_out[9]                                                                                                                ; |cache_row_unit|word_out[9]                                                                                                                ; pin_out          ;
; |cache_row_unit|word_out[8]                                                                                                                ; |cache_row_unit|word_out[8]                                                                                                                ; pin_out          ;
; |cache_row_unit|word_out[7]                                                                                                                ; |cache_row_unit|word_out[7]                                                                                                                ; pin_out          ;
; |cache_row_unit|cache_row_memory_unit:inst1|busmux:inst14|lpm_mux:$00000|mux_dpc:auto_generated|l1_w10_n0_mux_dataout~0                    ; |cache_row_unit|cache_row_memory_unit:inst1|busmux:inst14|lpm_mux:$00000|mux_dpc:auto_generated|l1_w10_n0_mux_dataout~0                    ; out0             ;
; |cache_row_unit|cache_row_memory_unit:inst1|busmux:inst14|lpm_mux:$00000|mux_dpc:auto_generated|l1_w11_n0_mux_dataout~0                    ; |cache_row_unit|cache_row_memory_unit:inst1|busmux:inst14|lpm_mux:$00000|mux_dpc:auto_generated|l1_w11_n0_mux_dataout~0                    ; out0             ;
; |cache_row_unit|cache_row_memory_unit:inst1|busmux:inst14|lpm_mux:$00000|mux_dpc:auto_generated|l1_w12_n0_mux_dataout~0                    ; |cache_row_unit|cache_row_memory_unit:inst1|busmux:inst14|lpm_mux:$00000|mux_dpc:auto_generated|l1_w12_n0_mux_dataout~0                    ; out0             ;
; |cache_row_unit|cache_row_memory_unit:inst1|busmux:inst14|lpm_mux:$00000|mux_dpc:auto_generated|l1_w13_n0_mux_dataout~0                    ; |cache_row_unit|cache_row_memory_unit:inst1|busmux:inst14|lpm_mux:$00000|mux_dpc:auto_generated|l1_w13_n0_mux_dataout~0                    ; out0             ;
; |cache_row_unit|cache_row_memory_unit:inst1|busmux:inst14|lpm_mux:$00000|mux_dpc:auto_generated|l1_w14_n0_mux_dataout~0                    ; |cache_row_unit|cache_row_memory_unit:inst1|busmux:inst14|lpm_mux:$00000|mux_dpc:auto_generated|l1_w14_n0_mux_dataout~0                    ; out0             ;
; |cache_row_unit|cache_row_memory_unit:inst1|busmux:inst14|lpm_mux:$00000|mux_dpc:auto_generated|l1_w15_n0_mux_dataout~0                    ; |cache_row_unit|cache_row_memory_unit:inst1|busmux:inst14|lpm_mux:$00000|mux_dpc:auto_generated|l1_w15_n0_mux_dataout~0                    ; out0             ;
; |cache_row_unit|cache_row_memory_unit:inst1|busmux:inst14|lpm_mux:$00000|mux_dpc:auto_generated|l1_w7_n0_mux_dataout~0                     ; |cache_row_unit|cache_row_memory_unit:inst1|busmux:inst14|lpm_mux:$00000|mux_dpc:auto_generated|l1_w7_n0_mux_dataout~0                     ; out0             ;
; |cache_row_unit|cache_row_memory_unit:inst1|busmux:inst14|lpm_mux:$00000|mux_dpc:auto_generated|l1_w8_n0_mux_dataout~0                     ; |cache_row_unit|cache_row_memory_unit:inst1|busmux:inst14|lpm_mux:$00000|mux_dpc:auto_generated|l1_w8_n0_mux_dataout~0                     ; out0             ;
; |cache_row_unit|cache_row_memory_unit:inst1|busmux:inst14|lpm_mux:$00000|mux_dpc:auto_generated|l1_w9_n0_mux_dataout~0                     ; |cache_row_unit|cache_row_memory_unit:inst1|busmux:inst14|lpm_mux:$00000|mux_dpc:auto_generated|l1_w9_n0_mux_dataout~0                     ; out0             ;
; |cache_row_unit|cache_row_memory_unit:inst1|lpm_dff2:word_3|lpm_ff:lpm_ff_component|dffs[15]                                               ; |cache_row_unit|cache_row_memory_unit:inst1|lpm_dff2:word_3|lpm_ff:lpm_ff_component|dffs[15]                                               ; regout           ;
; |cache_row_unit|cache_row_memory_unit:inst1|lpm_dff2:word_3|lpm_ff:lpm_ff_component|dffs[14]                                               ; |cache_row_unit|cache_row_memory_unit:inst1|lpm_dff2:word_3|lpm_ff:lpm_ff_component|dffs[14]                                               ; regout           ;
; |cache_row_unit|cache_row_memory_unit:inst1|lpm_dff2:word_3|lpm_ff:lpm_ff_component|dffs[13]                                               ; |cache_row_unit|cache_row_memory_unit:inst1|lpm_dff2:word_3|lpm_ff:lpm_ff_component|dffs[13]                                               ; regout           ;
; |cache_row_unit|cache_row_memory_unit:inst1|lpm_dff2:word_3|lpm_ff:lpm_ff_component|dffs[12]                                               ; |cache_row_unit|cache_row_memory_unit:inst1|lpm_dff2:word_3|lpm_ff:lpm_ff_component|dffs[12]                                               ; regout           ;
; |cache_row_unit|cache_row_memory_unit:inst1|lpm_dff2:word_3|lpm_ff:lpm_ff_component|dffs[11]                                               ; |cache_row_unit|cache_row_memory_unit:inst1|lpm_dff2:word_3|lpm_ff:lpm_ff_component|dffs[11]                                               ; regout           ;
; |cache_row_unit|cache_row_memory_unit:inst1|lpm_dff2:word_3|lpm_ff:lpm_ff_component|dffs[10]                                               ; |cache_row_unit|cache_row_memory_unit:inst1|lpm_dff2:word_3|lpm_ff:lpm_ff_component|dffs[10]                                               ; regout           ;
; |cache_row_unit|cache_row_memory_unit:inst1|lpm_dff2:word_3|lpm_ff:lpm_ff_component|dffs[9]                                                ; |cache_row_unit|cache_row_memory_unit:inst1|lpm_dff2:word_3|lpm_ff:lpm_ff_component|dffs[9]                                                ; regout           ;
; |cache_row_unit|cache_row_memory_unit:inst1|lpm_dff2:word_3|lpm_ff:lpm_ff_component|dffs[8]                                                ; |cache_row_unit|cache_row_memory_unit:inst1|lpm_dff2:word_3|lpm_ff:lpm_ff_component|dffs[8]                                                ; regout           ;
; |cache_row_unit|cache_row_memory_unit:inst1|lpm_dff2:word_3|lpm_ff:lpm_ff_component|dffs[7]                                                ; |cache_row_unit|cache_row_memory_unit:inst1|lpm_dff2:word_3|lpm_ff:lpm_ff_component|dffs[7]                                                ; regout           ;
; |cache_row_unit|cache_row_memory_unit:inst1|lpm_dff2:word_3|lpm_ff:lpm_ff_component|dffs[6]                                                ; |cache_row_unit|cache_row_memory_unit:inst1|lpm_dff2:word_3|lpm_ff:lpm_ff_component|dffs[6]                                                ; regout           ;
; |cache_row_unit|cache_row_memory_unit:inst1|lpm_dff2:word_3|lpm_ff:lpm_ff_component|dffs[5]                                                ; |cache_row_unit|cache_row_memory_unit:inst1|lpm_dff2:word_3|lpm_ff:lpm_ff_component|dffs[5]                                                ; regout           ;
; |cache_row_unit|cache_row_memory_unit:inst1|lpm_dff2:word_3|lpm_ff:lpm_ff_component|dffs[4]                                                ; |cache_row_unit|cache_row_memory_unit:inst1|lpm_dff2:word_3|lpm_ff:lpm_ff_component|dffs[4]                                                ; regout           ;
; |cache_row_unit|cache_row_memory_unit:inst1|lpm_dff2:word_3|lpm_ff:lpm_ff_component|dffs[3]                                                ; |cache_row_unit|cache_row_memory_unit:inst1|lpm_dff2:word_3|lpm_ff:lpm_ff_component|dffs[3]                                                ; regout           ;
; |cache_row_unit|cache_row_memory_unit:inst1|lpm_dff2:word_3|lpm_ff:lpm_ff_component|dffs[2]                                                ; |cache_row_unit|cache_row_memory_unit:inst1|lpm_dff2:word_3|lpm_ff:lpm_ff_component|dffs[2]                                                ; regout           ;
; |cache_row_unit|cache_row_memory_unit:inst1|lpm_dff2:word_2|lpm_ff:lpm_ff_component|dffs[15]                                               ; |cache_row_unit|cache_row_memory_unit:inst1|lpm_dff2:word_2|lpm_ff:lpm_ff_component|dffs[15]                                               ; regout           ;
; |cache_row_unit|cache_row_memory_unit:inst1|lpm_dff2:word_2|lpm_ff:lpm_ff_component|dffs[14]                                               ; |cache_row_unit|cache_row_memory_unit:inst1|lpm_dff2:word_2|lpm_ff:lpm_ff_component|dffs[14]                                               ; regout           ;
; |cache_row_unit|cache_row_memory_unit:inst1|lpm_dff2:word_2|lpm_ff:lpm_ff_component|dffs[13]                                               ; |cache_row_unit|cache_row_memory_unit:inst1|lpm_dff2:word_2|lpm_ff:lpm_ff_component|dffs[13]                                               ; regout           ;
; |cache_row_unit|cache_row_memory_unit:inst1|lpm_dff2:word_2|lpm_ff:lpm_ff_component|dffs[12]                                               ; |cache_row_unit|cache_row_memory_unit:inst1|lpm_dff2:word_2|lpm_ff:lpm_ff_component|dffs[12]                                               ; regout           ;
; |cache_row_unit|cache_row_memory_unit:inst1|lpm_dff2:word_2|lpm_ff:lpm_ff_component|dffs[11]                                               ; |cache_row_unit|cache_row_memory_unit:inst1|lpm_dff2:word_2|lpm_ff:lpm_ff_component|dffs[11]                                               ; regout           ;
; |cache_row_unit|cache_row_memory_unit:inst1|lpm_dff2:word_2|lpm_ff:lpm_ff_component|dffs[10]                                               ; |cache_row_unit|cache_row_memory_unit:inst1|lpm_dff2:word_2|lpm_ff:lpm_ff_component|dffs[10]                                               ; regout           ;
; |cache_row_unit|cache_row_memory_unit:inst1|lpm_dff2:word_2|lpm_ff:lpm_ff_component|dffs[9]                                                ; |cache_row_unit|cache_row_memory_unit:inst1|lpm_dff2:word_2|lpm_ff:lpm_ff_component|dffs[9]                                                ; regout           ;
; |cache_row_unit|cache_row_memory_unit:inst1|lpm_dff2:word_2|lpm_ff:lpm_ff_component|dffs[8]                                                ; |cache_row_unit|cache_row_memory_unit:inst1|lpm_dff2:word_2|lpm_ff:lpm_ff_component|dffs[8]                                                ; regout           ;
; |cache_row_unit|cache_row_memory_unit:inst1|lpm_dff2:word_2|lpm_ff:lpm_ff_component|dffs[7]                                                ; |cache_row_unit|cache_row_memory_unit:inst1|lpm_dff2:word_2|lpm_ff:lpm_ff_component|dffs[7]                                                ; regout           ;
; |cache_row_unit|cache_row_memory_unit:inst1|lpm_dff2:word_2|lpm_ff:lpm_ff_component|dffs[5]                                                ; |cache_row_unit|cache_row_memory_unit:inst1|lpm_dff2:word_2|lpm_ff:lpm_ff_component|dffs[5]                                                ; regout           ;
; |cache_row_unit|cache_row_memory_unit:inst1|lpm_dff2:word_2|lpm_ff:lpm_ff_component|dffs[3]                                                ; |cache_row_unit|cache_row_memory_unit:inst1|lpm_dff2:word_2|lpm_ff:lpm_ff_component|dffs[3]                                                ; regout           ;
; |cache_row_unit|cache_row_memory_unit:inst1|lpm_dff2:word_2|lpm_ff:lpm_ff_component|dffs[2]                                                ; |cache_row_unit|cache_row_memory_unit:inst1|lpm_dff2:word_2|lpm_ff:lpm_ff_component|dffs[2]                                                ; regout           ;
; |cache_row_unit|cache_row_memory_unit:inst1|lpm_dff2:word_1|lpm_ff:lpm_ff_component|dffs[15]                                               ; |cache_row_unit|cache_row_memory_unit:inst1|lpm_dff2:word_1|lpm_ff:lpm_ff_component|dffs[15]                                               ; regout           ;
; |cache_row_unit|cache_row_memory_unit:inst1|lpm_dff2:word_1|lpm_ff:lpm_ff_component|dffs[14]                                               ; |cache_row_unit|cache_row_memory_unit:inst1|lpm_dff2:word_1|lpm_ff:lpm_ff_component|dffs[14]                                               ; regout           ;
; |cache_row_unit|cache_row_memory_unit:inst1|lpm_dff2:word_1|lpm_ff:lpm_ff_component|dffs[13]                                               ; |cache_row_unit|cache_row_memory_unit:inst1|lpm_dff2:word_1|lpm_ff:lpm_ff_component|dffs[13]                                               ; regout           ;
; |cache_row_unit|cache_row_memory_unit:inst1|lpm_dff2:word_1|lpm_ff:lpm_ff_component|dffs[12]                                               ; |cache_row_unit|cache_row_memory_unit:inst1|lpm_dff2:word_1|lpm_ff:lpm_ff_component|dffs[12]                                               ; regout           ;
; |cache_row_unit|cache_row_memory_unit:inst1|lpm_dff2:word_1|lpm_ff:lpm_ff_component|dffs[11]                                               ; |cache_row_unit|cache_row_memory_unit:inst1|lpm_dff2:word_1|lpm_ff:lpm_ff_component|dffs[11]                                               ; regout           ;
; |cache_row_unit|cache_row_memory_unit:inst1|lpm_dff2:word_1|lpm_ff:lpm_ff_component|dffs[10]                                               ; |cache_row_unit|cache_row_memory_unit:inst1|lpm_dff2:word_1|lpm_ff:lpm_ff_component|dffs[10]                                               ; regout           ;
; |cache_row_unit|cache_row_memory_unit:inst1|lpm_dff2:word_1|lpm_ff:lpm_ff_component|dffs[9]                                                ; |cache_row_unit|cache_row_memory_unit:inst1|lpm_dff2:word_1|lpm_ff:lpm_ff_component|dffs[9]                                                ; regout           ;
; |cache_row_unit|cache_row_memory_unit:inst1|lpm_dff2:word_1|lpm_ff:lpm_ff_component|dffs[8]                                                ; |cache_row_unit|cache_row_memory_unit:inst1|lpm_dff2:word_1|lpm_ff:lpm_ff_component|dffs[8]                                                ; regout           ;
; |cache_row_unit|cache_row_memory_unit:inst1|lpm_dff2:word_1|lpm_ff:lpm_ff_component|dffs[7]                                                ; |cache_row_unit|cache_row_memory_unit:inst1|lpm_dff2:word_1|lpm_ff:lpm_ff_component|dffs[7]                                                ; regout           ;
; |cache_row_unit|cache_row_memory_unit:inst1|lpm_dff2:word_1|lpm_ff:lpm_ff_component|dffs[6]                                                ; |cache_row_unit|cache_row_memory_unit:inst1|lpm_dff2:word_1|lpm_ff:lpm_ff_component|dffs[6]                                                ; regout           ;
; |cache_row_unit|cache_row_memory_unit:inst1|lpm_dff2:word_1|lpm_ff:lpm_ff_component|dffs[4]                                                ; |cache_row_unit|cache_row_memory_unit:inst1|lpm_dff2:word_1|lpm_ff:lpm_ff_component|dffs[4]                                                ; regout           ;
; |cache_row_unit|cache_row_memory_unit:inst1|lpm_dff2:word_1|lpm_ff:lpm_ff_component|dffs[3]                                                ; |cache_row_unit|cache_row_memory_unit:inst1|lpm_dff2:word_1|lpm_ff:lpm_ff_component|dffs[3]                                                ; regout           ;
; |cache_row_unit|cache_row_memory_unit:inst1|lpm_dff2:word_1|lpm_ff:lpm_ff_component|dffs[2]                                                ; |cache_row_unit|cache_row_memory_unit:inst1|lpm_dff2:word_1|lpm_ff:lpm_ff_component|dffs[2]                                                ; regout           ;
; |cache_row_unit|cache_row_memory_unit:inst1|lpm_dff2:word_1|lpm_ff:lpm_ff_component|dffs[1]                                                ; |cache_row_unit|cache_row_memory_unit:inst1|lpm_dff2:word_1|lpm_ff:lpm_ff_component|dffs[1]                                                ; regout           ;
; |cache_row_unit|cache_row_memory_unit:inst1|lpm_dff2:word_0|lpm_ff:lpm_ff_component|dffs[15]                                               ; |cache_row_unit|cache_row_memory_unit:inst1|lpm_dff2:word_0|lpm_ff:lpm_ff_component|dffs[15]                                               ; regout           ;
; |cache_row_unit|cache_row_memory_unit:inst1|lpm_dff2:word_0|lpm_ff:lpm_ff_component|dffs[14]                                               ; |cache_row_unit|cache_row_memory_unit:inst1|lpm_dff2:word_0|lpm_ff:lpm_ff_component|dffs[14]                                               ; regout           ;
; |cache_row_unit|cache_row_memory_unit:inst1|lpm_dff2:word_0|lpm_ff:lpm_ff_component|dffs[13]                                               ; |cache_row_unit|cache_row_memory_unit:inst1|lpm_dff2:word_0|lpm_ff:lpm_ff_component|dffs[13]                                               ; regout           ;
; |cache_row_unit|cache_row_memory_unit:inst1|lpm_dff2:word_0|lpm_ff:lpm_ff_component|dffs[12]                                               ; |cache_row_unit|cache_row_memory_unit:inst1|lpm_dff2:word_0|lpm_ff:lpm_ff_component|dffs[12]                                               ; regout           ;
; |cache_row_unit|cache_row_memory_unit:inst1|lpm_dff2:word_0|lpm_ff:lpm_ff_component|dffs[11]                                               ; |cache_row_unit|cache_row_memory_unit:inst1|lpm_dff2:word_0|lpm_ff:lpm_ff_component|dffs[11]                                               ; regout           ;
; |cache_row_unit|cache_row_memory_unit:inst1|lpm_dff2:word_0|lpm_ff:lpm_ff_component|dffs[10]                                               ; |cache_row_unit|cache_row_memory_unit:inst1|lpm_dff2:word_0|lpm_ff:lpm_ff_component|dffs[10]                                               ; regout           ;
; |cache_row_unit|cache_row_memory_unit:inst1|lpm_dff2:word_0|lpm_ff:lpm_ff_component|dffs[9]                                                ; |cache_row_unit|cache_row_memory_unit:inst1|lpm_dff2:word_0|lpm_ff:lpm_ff_component|dffs[9]                                                ; regout           ;
; |cache_row_unit|cache_row_memory_unit:inst1|lpm_dff2:word_0|lpm_ff:lpm_ff_component|dffs[8]                                                ; |cache_row_unit|cache_row_memory_unit:inst1|lpm_dff2:word_0|lpm_ff:lpm_ff_component|dffs[8]                                                ; regout           ;
; |cache_row_unit|cache_row_memory_unit:inst1|lpm_dff2:word_0|lpm_ff:lpm_ff_component|dffs[7]                                                ; |cache_row_unit|cache_row_memory_unit:inst1|lpm_dff2:word_0|lpm_ff:lpm_ff_component|dffs[7]                                                ; regout           ;
; |cache_row_unit|cache_row_memory_unit:inst1|lpm_dff2:word_0|lpm_ff:lpm_ff_component|dffs[6]                                                ; |cache_row_unit|cache_row_memory_unit:inst1|lpm_dff2:word_0|lpm_ff:lpm_ff_component|dffs[6]                                                ; regout           ;
; |cache_row_unit|cache_row_memory_unit:inst1|lpm_dff2:word_0|lpm_ff:lpm_ff_component|dffs[5]                                                ; |cache_row_unit|cache_row_memory_unit:inst1|lpm_dff2:word_0|lpm_ff:lpm_ff_component|dffs[5]                                                ; regout           ;
; |cache_row_unit|cache_row_memory_unit:inst1|lpm_dff2:word_0|lpm_ff:lpm_ff_component|dffs[3]                                                ; |cache_row_unit|cache_row_memory_unit:inst1|lpm_dff2:word_0|lpm_ff:lpm_ff_component|dffs[3]                                                ; regout           ;
; |cache_row_unit|cache_row_memory_unit:inst1|lpm_dff2:word_0|lpm_ff:lpm_ff_component|dffs[1]                                                ; |cache_row_unit|cache_row_memory_unit:inst1|lpm_dff2:word_0|lpm_ff:lpm_ff_component|dffs[1]                                                ; regout           ;
; |cache_row_unit|cache_row_memory_unit:inst1|lpm_dff2:word_0|lpm_ff:lpm_ff_component|dffs[0]                                                ; |cache_row_unit|cache_row_memory_unit:inst1|lpm_dff2:word_0|lpm_ff:lpm_ff_component|dffs[0]                                                ; regout           ;
; |cache_row_unit|cache_row_memory_unit:inst1|lpm_mux7:inst|lpm_mux:lpm_mux_component|mux_r5e:auto_generated|l1_w10_n0_mux_dataout~0         ; |cache_row_unit|cache_row_memory_unit:inst1|lpm_mux7:inst|lpm_mux:lpm_mux_component|mux_r5e:auto_generated|l1_w10_n0_mux_dataout~0         ; out0             ;
; |cache_row_unit|cache_row_memory_unit:inst1|lpm_mux7:inst|lpm_mux:lpm_mux_component|mux_r5e:auto_generated|l1_w10_n0_mux_dataout~1         ; |cache_row_unit|cache_row_memory_unit:inst1|lpm_mux7:inst|lpm_mux:lpm_mux_component|mux_r5e:auto_generated|l1_w10_n0_mux_dataout~1         ; out0             ;
; |cache_row_unit|cache_row_memory_unit:inst1|lpm_mux7:inst|lpm_mux:lpm_mux_component|mux_r5e:auto_generated|l1_w10_n0_mux_dataout           ; |cache_row_unit|cache_row_memory_unit:inst1|lpm_mux7:inst|lpm_mux:lpm_mux_component|mux_r5e:auto_generated|l1_w10_n0_mux_dataout           ; out0             ;
; |cache_row_unit|cache_row_memory_unit:inst1|lpm_mux7:inst|lpm_mux:lpm_mux_component|mux_r5e:auto_generated|l1_w10_n1_mux_dataout~0         ; |cache_row_unit|cache_row_memory_unit:inst1|lpm_mux7:inst|lpm_mux:lpm_mux_component|mux_r5e:auto_generated|l1_w10_n1_mux_dataout~0         ; out0             ;
; |cache_row_unit|cache_row_memory_unit:inst1|lpm_mux7:inst|lpm_mux:lpm_mux_component|mux_r5e:auto_generated|l1_w10_n1_mux_dataout~1         ; |cache_row_unit|cache_row_memory_unit:inst1|lpm_mux7:inst|lpm_mux:lpm_mux_component|mux_r5e:auto_generated|l1_w10_n1_mux_dataout~1         ; out0             ;
; |cache_row_unit|cache_row_memory_unit:inst1|lpm_mux7:inst|lpm_mux:lpm_mux_component|mux_r5e:auto_generated|l1_w10_n1_mux_dataout           ; |cache_row_unit|cache_row_memory_unit:inst1|lpm_mux7:inst|lpm_mux:lpm_mux_component|mux_r5e:auto_generated|l1_w10_n1_mux_dataout           ; out0             ;
; |cache_row_unit|cache_row_memory_unit:inst1|lpm_mux7:inst|lpm_mux:lpm_mux_component|mux_r5e:auto_generated|l1_w11_n0_mux_dataout~0         ; |cache_row_unit|cache_row_memory_unit:inst1|lpm_mux7:inst|lpm_mux:lpm_mux_component|mux_r5e:auto_generated|l1_w11_n0_mux_dataout~0         ; out0             ;
; |cache_row_unit|cache_row_memory_unit:inst1|lpm_mux7:inst|lpm_mux:lpm_mux_component|mux_r5e:auto_generated|l1_w11_n0_mux_dataout~1         ; |cache_row_unit|cache_row_memory_unit:inst1|lpm_mux7:inst|lpm_mux:lpm_mux_component|mux_r5e:auto_generated|l1_w11_n0_mux_dataout~1         ; out0             ;
; |cache_row_unit|cache_row_memory_unit:inst1|lpm_mux7:inst|lpm_mux:lpm_mux_component|mux_r5e:auto_generated|l1_w11_n0_mux_dataout           ; |cache_row_unit|cache_row_memory_unit:inst1|lpm_mux7:inst|lpm_mux:lpm_mux_component|mux_r5e:auto_generated|l1_w11_n0_mux_dataout           ; out0             ;
; |cache_row_unit|cache_row_memory_unit:inst1|lpm_mux7:inst|lpm_mux:lpm_mux_component|mux_r5e:auto_generated|l1_w11_n1_mux_dataout~0         ; |cache_row_unit|cache_row_memory_unit:inst1|lpm_mux7:inst|lpm_mux:lpm_mux_component|mux_r5e:auto_generated|l1_w11_n1_mux_dataout~0         ; out0             ;
; |cache_row_unit|cache_row_memory_unit:inst1|lpm_mux7:inst|lpm_mux:lpm_mux_component|mux_r5e:auto_generated|l1_w11_n1_mux_dataout~1         ; |cache_row_unit|cache_row_memory_unit:inst1|lpm_mux7:inst|lpm_mux:lpm_mux_component|mux_r5e:auto_generated|l1_w11_n1_mux_dataout~1         ; out0             ;
; |cache_row_unit|cache_row_memory_unit:inst1|lpm_mux7:inst|lpm_mux:lpm_mux_component|mux_r5e:auto_generated|l1_w11_n1_mux_dataout           ; |cache_row_unit|cache_row_memory_unit:inst1|lpm_mux7:inst|lpm_mux:lpm_mux_component|mux_r5e:auto_generated|l1_w11_n1_mux_dataout           ; out0             ;
; |cache_row_unit|cache_row_memory_unit:inst1|lpm_mux7:inst|lpm_mux:lpm_mux_component|mux_r5e:auto_generated|l1_w12_n0_mux_dataout~0         ; |cache_row_unit|cache_row_memory_unit:inst1|lpm_mux7:inst|lpm_mux:lpm_mux_component|mux_r5e:auto_generated|l1_w12_n0_mux_dataout~0         ; out0             ;
; |cache_row_unit|cache_row_memory_unit:inst1|lpm_mux7:inst|lpm_mux:lpm_mux_component|mux_r5e:auto_generated|l1_w12_n0_mux_dataout~1         ; |cache_row_unit|cache_row_memory_unit:inst1|lpm_mux7:inst|lpm_mux:lpm_mux_component|mux_r5e:auto_generated|l1_w12_n0_mux_dataout~1         ; out0             ;
; |cache_row_unit|cache_row_memory_unit:inst1|lpm_mux7:inst|lpm_mux:lpm_mux_component|mux_r5e:auto_generated|l1_w12_n0_mux_dataout           ; |cache_row_unit|cache_row_memory_unit:inst1|lpm_mux7:inst|lpm_mux:lpm_mux_component|mux_r5e:auto_generated|l1_w12_n0_mux_dataout           ; out0             ;
; |cache_row_unit|cache_row_memory_unit:inst1|lpm_mux7:inst|lpm_mux:lpm_mux_component|mux_r5e:auto_generated|l1_w12_n1_mux_dataout~0         ; |cache_row_unit|cache_row_memory_unit:inst1|lpm_mux7:inst|lpm_mux:lpm_mux_component|mux_r5e:auto_generated|l1_w12_n1_mux_dataout~0         ; out0             ;
; |cache_row_unit|cache_row_memory_unit:inst1|lpm_mux7:inst|lpm_mux:lpm_mux_component|mux_r5e:auto_generated|l1_w12_n1_mux_dataout~1         ; |cache_row_unit|cache_row_memory_unit:inst1|lpm_mux7:inst|lpm_mux:lpm_mux_component|mux_r5e:auto_generated|l1_w12_n1_mux_dataout~1         ; out0             ;
; |cache_row_unit|cache_row_memory_unit:inst1|lpm_mux7:inst|lpm_mux:lpm_mux_component|mux_r5e:auto_generated|l1_w12_n1_mux_dataout           ; |cache_row_unit|cache_row_memory_unit:inst1|lpm_mux7:inst|lpm_mux:lpm_mux_component|mux_r5e:auto_generated|l1_w12_n1_mux_dataout           ; out0             ;
; |cache_row_unit|cache_row_memory_unit:inst1|lpm_mux7:inst|lpm_mux:lpm_mux_component|mux_r5e:auto_generated|l1_w13_n0_mux_dataout~0         ; |cache_row_unit|cache_row_memory_unit:inst1|lpm_mux7:inst|lpm_mux:lpm_mux_component|mux_r5e:auto_generated|l1_w13_n0_mux_dataout~0         ; out0             ;
; |cache_row_unit|cache_row_memory_unit:inst1|lpm_mux7:inst|lpm_mux:lpm_mux_component|mux_r5e:auto_generated|l1_w13_n0_mux_dataout~1         ; |cache_row_unit|cache_row_memory_unit:inst1|lpm_mux7:inst|lpm_mux:lpm_mux_component|mux_r5e:auto_generated|l1_w13_n0_mux_dataout~1         ; out0             ;
; |cache_row_unit|cache_row_memory_unit:inst1|lpm_mux7:inst|lpm_mux:lpm_mux_component|mux_r5e:auto_generated|l1_w13_n0_mux_dataout           ; |cache_row_unit|cache_row_memory_unit:inst1|lpm_mux7:inst|lpm_mux:lpm_mux_component|mux_r5e:auto_generated|l1_w13_n0_mux_dataout           ; out0             ;
; |cache_row_unit|cache_row_memory_unit:inst1|lpm_mux7:inst|lpm_mux:lpm_mux_component|mux_r5e:auto_generated|l1_w13_n1_mux_dataout~0         ; |cache_row_unit|cache_row_memory_unit:inst1|lpm_mux7:inst|lpm_mux:lpm_mux_component|mux_r5e:auto_generated|l1_w13_n1_mux_dataout~0         ; out0             ;
; |cache_row_unit|cache_row_memory_unit:inst1|lpm_mux7:inst|lpm_mux:lpm_mux_component|mux_r5e:auto_generated|l1_w13_n1_mux_dataout~1         ; |cache_row_unit|cache_row_memory_unit:inst1|lpm_mux7:inst|lpm_mux:lpm_mux_component|mux_r5e:auto_generated|l1_w13_n1_mux_dataout~1         ; out0             ;
; |cache_row_unit|cache_row_memory_unit:inst1|lpm_mux7:inst|lpm_mux:lpm_mux_component|mux_r5e:auto_generated|l1_w13_n1_mux_dataout           ; |cache_row_unit|cache_row_memory_unit:inst1|lpm_mux7:inst|lpm_mux:lpm_mux_component|mux_r5e:auto_generated|l1_w13_n1_mux_dataout           ; out0             ;
; |cache_row_unit|cache_row_memory_unit:inst1|lpm_mux7:inst|lpm_mux:lpm_mux_component|mux_r5e:auto_generated|l1_w14_n0_mux_dataout~0         ; |cache_row_unit|cache_row_memory_unit:inst1|lpm_mux7:inst|lpm_mux:lpm_mux_component|mux_r5e:auto_generated|l1_w14_n0_mux_dataout~0         ; out0             ;
; |cache_row_unit|cache_row_memory_unit:inst1|lpm_mux7:inst|lpm_mux:lpm_mux_component|mux_r5e:auto_generated|l1_w14_n0_mux_dataout~1         ; |cache_row_unit|cache_row_memory_unit:inst1|lpm_mux7:inst|lpm_mux:lpm_mux_component|mux_r5e:auto_generated|l1_w14_n0_mux_dataout~1         ; out0             ;
; |cache_row_unit|cache_row_memory_unit:inst1|lpm_mux7:inst|lpm_mux:lpm_mux_component|mux_r5e:auto_generated|l1_w14_n0_mux_dataout           ; |cache_row_unit|cache_row_memory_unit:inst1|lpm_mux7:inst|lpm_mux:lpm_mux_component|mux_r5e:auto_generated|l1_w14_n0_mux_dataout           ; out0             ;
; |cache_row_unit|cache_row_memory_unit:inst1|lpm_mux7:inst|lpm_mux:lpm_mux_component|mux_r5e:auto_generated|l1_w14_n1_mux_dataout~0         ; |cache_row_unit|cache_row_memory_unit:inst1|lpm_mux7:inst|lpm_mux:lpm_mux_component|mux_r5e:auto_generated|l1_w14_n1_mux_dataout~0         ; out0             ;
; |cache_row_unit|cache_row_memory_unit:inst1|lpm_mux7:inst|lpm_mux:lpm_mux_component|mux_r5e:auto_generated|l1_w14_n1_mux_dataout~1         ; |cache_row_unit|cache_row_memory_unit:inst1|lpm_mux7:inst|lpm_mux:lpm_mux_component|mux_r5e:auto_generated|l1_w14_n1_mux_dataout~1         ; out0             ;
; |cache_row_unit|cache_row_memory_unit:inst1|lpm_mux7:inst|lpm_mux:lpm_mux_component|mux_r5e:auto_generated|l1_w14_n1_mux_dataout           ; |cache_row_unit|cache_row_memory_unit:inst1|lpm_mux7:inst|lpm_mux:lpm_mux_component|mux_r5e:auto_generated|l1_w14_n1_mux_dataout           ; out0             ;
; |cache_row_unit|cache_row_memory_unit:inst1|lpm_mux7:inst|lpm_mux:lpm_mux_component|mux_r5e:auto_generated|l1_w15_n0_mux_dataout~0         ; |cache_row_unit|cache_row_memory_unit:inst1|lpm_mux7:inst|lpm_mux:lpm_mux_component|mux_r5e:auto_generated|l1_w15_n0_mux_dataout~0         ; out0             ;
; |cache_row_unit|cache_row_memory_unit:inst1|lpm_mux7:inst|lpm_mux:lpm_mux_component|mux_r5e:auto_generated|l1_w15_n0_mux_dataout~1         ; |cache_row_unit|cache_row_memory_unit:inst1|lpm_mux7:inst|lpm_mux:lpm_mux_component|mux_r5e:auto_generated|l1_w15_n0_mux_dataout~1         ; out0             ;
; |cache_row_unit|cache_row_memory_unit:inst1|lpm_mux7:inst|lpm_mux:lpm_mux_component|mux_r5e:auto_generated|l1_w15_n0_mux_dataout           ; |cache_row_unit|cache_row_memory_unit:inst1|lpm_mux7:inst|lpm_mux:lpm_mux_component|mux_r5e:auto_generated|l1_w15_n0_mux_dataout           ; out0             ;
; |cache_row_unit|cache_row_memory_unit:inst1|lpm_mux7:inst|lpm_mux:lpm_mux_component|mux_r5e:auto_generated|l1_w15_n1_mux_dataout~0         ; |cache_row_unit|cache_row_memory_unit:inst1|lpm_mux7:inst|lpm_mux:lpm_mux_component|mux_r5e:auto_generated|l1_w15_n1_mux_dataout~0         ; out0             ;
; |cache_row_unit|cache_row_memory_unit:inst1|lpm_mux7:inst|lpm_mux:lpm_mux_component|mux_r5e:auto_generated|l1_w15_n1_mux_dataout~1         ; |cache_row_unit|cache_row_memory_unit:inst1|lpm_mux7:inst|lpm_mux:lpm_mux_component|mux_r5e:auto_generated|l1_w15_n1_mux_dataout~1         ; out0             ;
; |cache_row_unit|cache_row_memory_unit:inst1|lpm_mux7:inst|lpm_mux:lpm_mux_component|mux_r5e:auto_generated|l1_w15_n1_mux_dataout           ; |cache_row_unit|cache_row_memory_unit:inst1|lpm_mux7:inst|lpm_mux:lpm_mux_component|mux_r5e:auto_generated|l1_w15_n1_mux_dataout           ; out0             ;
; |cache_row_unit|cache_row_memory_unit:inst1|lpm_mux7:inst|lpm_mux:lpm_mux_component|mux_r5e:auto_generated|l1_w2_n1_mux_dataout~0          ; |cache_row_unit|cache_row_memory_unit:inst1|lpm_mux7:inst|lpm_mux:lpm_mux_component|mux_r5e:auto_generated|l1_w2_n1_mux_dataout~0          ; out0             ;
; |cache_row_unit|cache_row_memory_unit:inst1|lpm_mux7:inst|lpm_mux:lpm_mux_component|mux_r5e:auto_generated|l1_w4_n0_mux_dataout~0          ; |cache_row_unit|cache_row_memory_unit:inst1|lpm_mux7:inst|lpm_mux:lpm_mux_component|mux_r5e:auto_generated|l1_w4_n0_mux_dataout~0          ; out0             ;
; |cache_row_unit|cache_row_memory_unit:inst1|lpm_mux7:inst|lpm_mux:lpm_mux_component|mux_r5e:auto_generated|l1_w5_n0_mux_dataout~1          ; |cache_row_unit|cache_row_memory_unit:inst1|lpm_mux7:inst|lpm_mux:lpm_mux_component|mux_r5e:auto_generated|l1_w5_n0_mux_dataout~1          ; out0             ;
; |cache_row_unit|cache_row_memory_unit:inst1|lpm_mux7:inst|lpm_mux:lpm_mux_component|mux_r5e:auto_generated|l1_w5_n1_mux_dataout~0          ; |cache_row_unit|cache_row_memory_unit:inst1|lpm_mux7:inst|lpm_mux:lpm_mux_component|mux_r5e:auto_generated|l1_w5_n1_mux_dataout~0          ; out0             ;
; |cache_row_unit|cache_row_memory_unit:inst1|lpm_mux7:inst|lpm_mux:lpm_mux_component|mux_r5e:auto_generated|l1_w5_n1_mux_dataout~1          ; |cache_row_unit|cache_row_memory_unit:inst1|lpm_mux7:inst|lpm_mux:lpm_mux_component|mux_r5e:auto_generated|l1_w5_n1_mux_dataout~1          ; out0             ;
; |cache_row_unit|cache_row_memory_unit:inst1|lpm_mux7:inst|lpm_mux:lpm_mux_component|mux_r5e:auto_generated|l1_w5_n1_mux_dataout            ; |cache_row_unit|cache_row_memory_unit:inst1|lpm_mux7:inst|lpm_mux:lpm_mux_component|mux_r5e:auto_generated|l1_w5_n1_mux_dataout            ; out0             ;
; |cache_row_unit|cache_row_memory_unit:inst1|lpm_mux7:inst|lpm_mux:lpm_mux_component|mux_r5e:auto_generated|l1_w6_n0_mux_dataout~0          ; |cache_row_unit|cache_row_memory_unit:inst1|lpm_mux7:inst|lpm_mux:lpm_mux_component|mux_r5e:auto_generated|l1_w6_n0_mux_dataout~0          ; out0             ;
; |cache_row_unit|cache_row_memory_unit:inst1|lpm_mux7:inst|lpm_mux:lpm_mux_component|mux_r5e:auto_generated|l1_w6_n0_mux_dataout~1          ; |cache_row_unit|cache_row_memory_unit:inst1|lpm_mux7:inst|lpm_mux:lpm_mux_component|mux_r5e:auto_generated|l1_w6_n0_mux_dataout~1          ; out0             ;
; |cache_row_unit|cache_row_memory_unit:inst1|lpm_mux7:inst|lpm_mux:lpm_mux_component|mux_r5e:auto_generated|l1_w6_n0_mux_dataout            ; |cache_row_unit|cache_row_memory_unit:inst1|lpm_mux7:inst|lpm_mux:lpm_mux_component|mux_r5e:auto_generated|l1_w6_n0_mux_dataout            ; out0             ;
; |cache_row_unit|cache_row_memory_unit:inst1|lpm_mux7:inst|lpm_mux:lpm_mux_component|mux_r5e:auto_generated|l1_w7_n0_mux_dataout~0          ; |cache_row_unit|cache_row_memory_unit:inst1|lpm_mux7:inst|lpm_mux:lpm_mux_component|mux_r5e:auto_generated|l1_w7_n0_mux_dataout~0          ; out0             ;
; |cache_row_unit|cache_row_memory_unit:inst1|lpm_mux7:inst|lpm_mux:lpm_mux_component|mux_r5e:auto_generated|l1_w7_n0_mux_dataout~1          ; |cache_row_unit|cache_row_memory_unit:inst1|lpm_mux7:inst|lpm_mux:lpm_mux_component|mux_r5e:auto_generated|l1_w7_n0_mux_dataout~1          ; out0             ;
; |cache_row_unit|cache_row_memory_unit:inst1|lpm_mux7:inst|lpm_mux:lpm_mux_component|mux_r5e:auto_generated|l1_w7_n0_mux_dataout            ; |cache_row_unit|cache_row_memory_unit:inst1|lpm_mux7:inst|lpm_mux:lpm_mux_component|mux_r5e:auto_generated|l1_w7_n0_mux_dataout            ; out0             ;
; |cache_row_unit|cache_row_memory_unit:inst1|lpm_mux7:inst|lpm_mux:lpm_mux_component|mux_r5e:auto_generated|l1_w7_n1_mux_dataout~0          ; |cache_row_unit|cache_row_memory_unit:inst1|lpm_mux7:inst|lpm_mux:lpm_mux_component|mux_r5e:auto_generated|l1_w7_n1_mux_dataout~0          ; out0             ;
; |cache_row_unit|cache_row_memory_unit:inst1|lpm_mux7:inst|lpm_mux:lpm_mux_component|mux_r5e:auto_generated|l1_w7_n1_mux_dataout~1          ; |cache_row_unit|cache_row_memory_unit:inst1|lpm_mux7:inst|lpm_mux:lpm_mux_component|mux_r5e:auto_generated|l1_w7_n1_mux_dataout~1          ; out0             ;
; |cache_row_unit|cache_row_memory_unit:inst1|lpm_mux7:inst|lpm_mux:lpm_mux_component|mux_r5e:auto_generated|l1_w7_n1_mux_dataout            ; |cache_row_unit|cache_row_memory_unit:inst1|lpm_mux7:inst|lpm_mux:lpm_mux_component|mux_r5e:auto_generated|l1_w7_n1_mux_dataout            ; out0             ;
; |cache_row_unit|cache_row_memory_unit:inst1|lpm_mux7:inst|lpm_mux:lpm_mux_component|mux_r5e:auto_generated|l1_w8_n0_mux_dataout~0          ; |cache_row_unit|cache_row_memory_unit:inst1|lpm_mux7:inst|lpm_mux:lpm_mux_component|mux_r5e:auto_generated|l1_w8_n0_mux_dataout~0          ; out0             ;
; |cache_row_unit|cache_row_memory_unit:inst1|lpm_mux7:inst|lpm_mux:lpm_mux_component|mux_r5e:auto_generated|l1_w8_n0_mux_dataout~1          ; |cache_row_unit|cache_row_memory_unit:inst1|lpm_mux7:inst|lpm_mux:lpm_mux_component|mux_r5e:auto_generated|l1_w8_n0_mux_dataout~1          ; out0             ;
; |cache_row_unit|cache_row_memory_unit:inst1|lpm_mux7:inst|lpm_mux:lpm_mux_component|mux_r5e:auto_generated|l1_w8_n0_mux_dataout            ; |cache_row_unit|cache_row_memory_unit:inst1|lpm_mux7:inst|lpm_mux:lpm_mux_component|mux_r5e:auto_generated|l1_w8_n0_mux_dataout            ; out0             ;
; |cache_row_unit|cache_row_memory_unit:inst1|lpm_mux7:inst|lpm_mux:lpm_mux_component|mux_r5e:auto_generated|l1_w8_n1_mux_dataout~0          ; |cache_row_unit|cache_row_memory_unit:inst1|lpm_mux7:inst|lpm_mux:lpm_mux_component|mux_r5e:auto_generated|l1_w8_n1_mux_dataout~0          ; out0             ;
; |cache_row_unit|cache_row_memory_unit:inst1|lpm_mux7:inst|lpm_mux:lpm_mux_component|mux_r5e:auto_generated|l1_w8_n1_mux_dataout~1          ; |cache_row_unit|cache_row_memory_unit:inst1|lpm_mux7:inst|lpm_mux:lpm_mux_component|mux_r5e:auto_generated|l1_w8_n1_mux_dataout~1          ; out0             ;
; |cache_row_unit|cache_row_memory_unit:inst1|lpm_mux7:inst|lpm_mux:lpm_mux_component|mux_r5e:auto_generated|l1_w8_n1_mux_dataout            ; |cache_row_unit|cache_row_memory_unit:inst1|lpm_mux7:inst|lpm_mux:lpm_mux_component|mux_r5e:auto_generated|l1_w8_n1_mux_dataout            ; out0             ;
; |cache_row_unit|cache_row_memory_unit:inst1|lpm_mux7:inst|lpm_mux:lpm_mux_component|mux_r5e:auto_generated|l1_w9_n0_mux_dataout~0          ; |cache_row_unit|cache_row_memory_unit:inst1|lpm_mux7:inst|lpm_mux:lpm_mux_component|mux_r5e:auto_generated|l1_w9_n0_mux_dataout~0          ; out0             ;
; |cache_row_unit|cache_row_memory_unit:inst1|lpm_mux7:inst|lpm_mux:lpm_mux_component|mux_r5e:auto_generated|l1_w9_n0_mux_dataout~1          ; |cache_row_unit|cache_row_memory_unit:inst1|lpm_mux7:inst|lpm_mux:lpm_mux_component|mux_r5e:auto_generated|l1_w9_n0_mux_dataout~1          ; out0             ;
; |cache_row_unit|cache_row_memory_unit:inst1|lpm_mux7:inst|lpm_mux:lpm_mux_component|mux_r5e:auto_generated|l1_w9_n0_mux_dataout            ; |cache_row_unit|cache_row_memory_unit:inst1|lpm_mux7:inst|lpm_mux:lpm_mux_component|mux_r5e:auto_generated|l1_w9_n0_mux_dataout            ; out0             ;
; |cache_row_unit|cache_row_memory_unit:inst1|lpm_mux7:inst|lpm_mux:lpm_mux_component|mux_r5e:auto_generated|l1_w9_n1_mux_dataout~0          ; |cache_row_unit|cache_row_memory_unit:inst1|lpm_mux7:inst|lpm_mux:lpm_mux_component|mux_r5e:auto_generated|l1_w9_n1_mux_dataout~0          ; out0             ;
; |cache_row_unit|cache_row_memory_unit:inst1|lpm_mux7:inst|lpm_mux:lpm_mux_component|mux_r5e:auto_generated|l1_w9_n1_mux_dataout~1          ; |cache_row_unit|cache_row_memory_unit:inst1|lpm_mux7:inst|lpm_mux:lpm_mux_component|mux_r5e:auto_generated|l1_w9_n1_mux_dataout~1          ; out0             ;
; |cache_row_unit|cache_row_memory_unit:inst1|lpm_mux7:inst|lpm_mux:lpm_mux_component|mux_r5e:auto_generated|l1_w9_n1_mux_dataout            ; |cache_row_unit|cache_row_memory_unit:inst1|lpm_mux7:inst|lpm_mux:lpm_mux_component|mux_r5e:auto_generated|l1_w9_n1_mux_dataout            ; out0             ;
; |cache_row_unit|cache_row_memory_unit:inst1|lpm_mux7:inst|lpm_mux:lpm_mux_component|mux_r5e:auto_generated|l2_w10_n0_mux_dataout~0         ; |cache_row_unit|cache_row_memory_unit:inst1|lpm_mux7:inst|lpm_mux:lpm_mux_component|mux_r5e:auto_generated|l2_w10_n0_mux_dataout~0         ; out0             ;
; |cache_row_unit|cache_row_memory_unit:inst1|lpm_mux7:inst|lpm_mux:lpm_mux_component|mux_r5e:auto_generated|l2_w10_n0_mux_dataout~1         ; |cache_row_unit|cache_row_memory_unit:inst1|lpm_mux7:inst|lpm_mux:lpm_mux_component|mux_r5e:auto_generated|l2_w10_n0_mux_dataout~1         ; out0             ;
; |cache_row_unit|cache_row_memory_unit:inst1|lpm_mux7:inst|lpm_mux:lpm_mux_component|mux_r5e:auto_generated|l2_w10_n0_mux_dataout           ; |cache_row_unit|cache_row_memory_unit:inst1|lpm_mux7:inst|lpm_mux:lpm_mux_component|mux_r5e:auto_generated|l2_w10_n0_mux_dataout           ; out0             ;
; |cache_row_unit|cache_row_memory_unit:inst1|lpm_mux7:inst|lpm_mux:lpm_mux_component|mux_r5e:auto_generated|l2_w11_n0_mux_dataout~0         ; |cache_row_unit|cache_row_memory_unit:inst1|lpm_mux7:inst|lpm_mux:lpm_mux_component|mux_r5e:auto_generated|l2_w11_n0_mux_dataout~0         ; out0             ;
; |cache_row_unit|cache_row_memory_unit:inst1|lpm_mux7:inst|lpm_mux:lpm_mux_component|mux_r5e:auto_generated|l2_w11_n0_mux_dataout~1         ; |cache_row_unit|cache_row_memory_unit:inst1|lpm_mux7:inst|lpm_mux:lpm_mux_component|mux_r5e:auto_generated|l2_w11_n0_mux_dataout~1         ; out0             ;
; |cache_row_unit|cache_row_memory_unit:inst1|lpm_mux7:inst|lpm_mux:lpm_mux_component|mux_r5e:auto_generated|l2_w11_n0_mux_dataout           ; |cache_row_unit|cache_row_memory_unit:inst1|lpm_mux7:inst|lpm_mux:lpm_mux_component|mux_r5e:auto_generated|l2_w11_n0_mux_dataout           ; out0             ;
; |cache_row_unit|cache_row_memory_unit:inst1|lpm_mux7:inst|lpm_mux:lpm_mux_component|mux_r5e:auto_generated|l2_w12_n0_mux_dataout~0         ; |cache_row_unit|cache_row_memory_unit:inst1|lpm_mux7:inst|lpm_mux:lpm_mux_component|mux_r5e:auto_generated|l2_w12_n0_mux_dataout~0         ; out0             ;
; |cache_row_unit|cache_row_memory_unit:inst1|lpm_mux7:inst|lpm_mux:lpm_mux_component|mux_r5e:auto_generated|l2_w12_n0_mux_dataout~1         ; |cache_row_unit|cache_row_memory_unit:inst1|lpm_mux7:inst|lpm_mux:lpm_mux_component|mux_r5e:auto_generated|l2_w12_n0_mux_dataout~1         ; out0             ;
; |cache_row_unit|cache_row_memory_unit:inst1|lpm_mux7:inst|lpm_mux:lpm_mux_component|mux_r5e:auto_generated|l2_w12_n0_mux_dataout           ; |cache_row_unit|cache_row_memory_unit:inst1|lpm_mux7:inst|lpm_mux:lpm_mux_component|mux_r5e:auto_generated|l2_w12_n0_mux_dataout           ; out0             ;
; |cache_row_unit|cache_row_memory_unit:inst1|lpm_mux7:inst|lpm_mux:lpm_mux_component|mux_r5e:auto_generated|l2_w13_n0_mux_dataout~0         ; |cache_row_unit|cache_row_memory_unit:inst1|lpm_mux7:inst|lpm_mux:lpm_mux_component|mux_r5e:auto_generated|l2_w13_n0_mux_dataout~0         ; out0             ;
; |cache_row_unit|cache_row_memory_unit:inst1|lpm_mux7:inst|lpm_mux:lpm_mux_component|mux_r5e:auto_generated|l2_w13_n0_mux_dataout~1         ; |cache_row_unit|cache_row_memory_unit:inst1|lpm_mux7:inst|lpm_mux:lpm_mux_component|mux_r5e:auto_generated|l2_w13_n0_mux_dataout~1         ; out0             ;
; |cache_row_unit|cache_row_memory_unit:inst1|lpm_mux7:inst|lpm_mux:lpm_mux_component|mux_r5e:auto_generated|l2_w13_n0_mux_dataout           ; |cache_row_unit|cache_row_memory_unit:inst1|lpm_mux7:inst|lpm_mux:lpm_mux_component|mux_r5e:auto_generated|l2_w13_n0_mux_dataout           ; out0             ;
; |cache_row_unit|cache_row_memory_unit:inst1|lpm_mux7:inst|lpm_mux:lpm_mux_component|mux_r5e:auto_generated|l2_w14_n0_mux_dataout~0         ; |cache_row_unit|cache_row_memory_unit:inst1|lpm_mux7:inst|lpm_mux:lpm_mux_component|mux_r5e:auto_generated|l2_w14_n0_mux_dataout~0         ; out0             ;
; |cache_row_unit|cache_row_memory_unit:inst1|lpm_mux7:inst|lpm_mux:lpm_mux_component|mux_r5e:auto_generated|l2_w14_n0_mux_dataout~1         ; |cache_row_unit|cache_row_memory_unit:inst1|lpm_mux7:inst|lpm_mux:lpm_mux_component|mux_r5e:auto_generated|l2_w14_n0_mux_dataout~1         ; out0             ;
; |cache_row_unit|cache_row_memory_unit:inst1|lpm_mux7:inst|lpm_mux:lpm_mux_component|mux_r5e:auto_generated|l2_w14_n0_mux_dataout           ; |cache_row_unit|cache_row_memory_unit:inst1|lpm_mux7:inst|lpm_mux:lpm_mux_component|mux_r5e:auto_generated|l2_w14_n0_mux_dataout           ; out0             ;
; |cache_row_unit|cache_row_memory_unit:inst1|lpm_mux7:inst|lpm_mux:lpm_mux_component|mux_r5e:auto_generated|l2_w15_n0_mux_dataout~0         ; |cache_row_unit|cache_row_memory_unit:inst1|lpm_mux7:inst|lpm_mux:lpm_mux_component|mux_r5e:auto_generated|l2_w15_n0_mux_dataout~0         ; out0             ;
; |cache_row_unit|cache_row_memory_unit:inst1|lpm_mux7:inst|lpm_mux:lpm_mux_component|mux_r5e:auto_generated|l2_w15_n0_mux_dataout~1         ; |cache_row_unit|cache_row_memory_unit:inst1|lpm_mux7:inst|lpm_mux:lpm_mux_component|mux_r5e:auto_generated|l2_w15_n0_mux_dataout~1         ; out0             ;
; |cache_row_unit|cache_row_memory_unit:inst1|lpm_mux7:inst|lpm_mux:lpm_mux_component|mux_r5e:auto_generated|l2_w15_n0_mux_dataout           ; |cache_row_unit|cache_row_memory_unit:inst1|lpm_mux7:inst|lpm_mux:lpm_mux_component|mux_r5e:auto_generated|l2_w15_n0_mux_dataout           ; out0             ;
; |cache_row_unit|cache_row_memory_unit:inst1|lpm_mux7:inst|lpm_mux:lpm_mux_component|mux_r5e:auto_generated|l2_w5_n0_mux_dataout~0          ; |cache_row_unit|cache_row_memory_unit:inst1|lpm_mux7:inst|lpm_mux:lpm_mux_component|mux_r5e:auto_generated|l2_w5_n0_mux_dataout~0          ; out0             ;
; |cache_row_unit|cache_row_memory_unit:inst1|lpm_mux7:inst|lpm_mux:lpm_mux_component|mux_r5e:auto_generated|l2_w6_n0_mux_dataout~1          ; |cache_row_unit|cache_row_memory_unit:inst1|lpm_mux7:inst|lpm_mux:lpm_mux_component|mux_r5e:auto_generated|l2_w6_n0_mux_dataout~1          ; out0             ;
; |cache_row_unit|cache_row_memory_unit:inst1|lpm_mux7:inst|lpm_mux:lpm_mux_component|mux_r5e:auto_generated|l2_w7_n0_mux_dataout~0          ; |cache_row_unit|cache_row_memory_unit:inst1|lpm_mux7:inst|lpm_mux:lpm_mux_component|mux_r5e:auto_generated|l2_w7_n0_mux_dataout~0          ; out0             ;
; |cache_row_unit|cache_row_memory_unit:inst1|lpm_mux7:inst|lpm_mux:lpm_mux_component|mux_r5e:auto_generated|l2_w7_n0_mux_dataout~1          ; |cache_row_unit|cache_row_memory_unit:inst1|lpm_mux7:inst|lpm_mux:lpm_mux_component|mux_r5e:auto_generated|l2_w7_n0_mux_dataout~1          ; out0             ;
; |cache_row_unit|cache_row_memory_unit:inst1|lpm_mux7:inst|lpm_mux:lpm_mux_component|mux_r5e:auto_generated|l2_w7_n0_mux_dataout            ; |cache_row_unit|cache_row_memory_unit:inst1|lpm_mux7:inst|lpm_mux:lpm_mux_component|mux_r5e:auto_generated|l2_w7_n0_mux_dataout            ; out0             ;
; |cache_row_unit|cache_row_memory_unit:inst1|lpm_mux7:inst|lpm_mux:lpm_mux_component|mux_r5e:auto_generated|l2_w8_n0_mux_dataout~0          ; |cache_row_unit|cache_row_memory_unit:inst1|lpm_mux7:inst|lpm_mux:lpm_mux_component|mux_r5e:auto_generated|l2_w8_n0_mux_dataout~0          ; out0             ;
; |cache_row_unit|cache_row_memory_unit:inst1|lpm_mux7:inst|lpm_mux:lpm_mux_component|mux_r5e:auto_generated|l2_w8_n0_mux_dataout~1          ; |cache_row_unit|cache_row_memory_unit:inst1|lpm_mux7:inst|lpm_mux:lpm_mux_component|mux_r5e:auto_generated|l2_w8_n0_mux_dataout~1          ; out0             ;
; |cache_row_unit|cache_row_memory_unit:inst1|lpm_mux7:inst|lpm_mux:lpm_mux_component|mux_r5e:auto_generated|l2_w8_n0_mux_dataout            ; |cache_row_unit|cache_row_memory_unit:inst1|lpm_mux7:inst|lpm_mux:lpm_mux_component|mux_r5e:auto_generated|l2_w8_n0_mux_dataout            ; out0             ;
; |cache_row_unit|cache_row_memory_unit:inst1|lpm_mux7:inst|lpm_mux:lpm_mux_component|mux_r5e:auto_generated|l2_w9_n0_mux_dataout~0          ; |cache_row_unit|cache_row_memory_unit:inst1|lpm_mux7:inst|lpm_mux:lpm_mux_component|mux_r5e:auto_generated|l2_w9_n0_mux_dataout~0          ; out0             ;
; |cache_row_unit|cache_row_memory_unit:inst1|lpm_mux7:inst|lpm_mux:lpm_mux_component|mux_r5e:auto_generated|l2_w9_n0_mux_dataout~1          ; |cache_row_unit|cache_row_memory_unit:inst1|lpm_mux7:inst|lpm_mux:lpm_mux_component|mux_r5e:auto_generated|l2_w9_n0_mux_dataout~1          ; out0             ;
; |cache_row_unit|cache_row_memory_unit:inst1|lpm_mux7:inst|lpm_mux:lpm_mux_component|mux_r5e:auto_generated|l2_w9_n0_mux_dataout            ; |cache_row_unit|cache_row_memory_unit:inst1|lpm_mux7:inst|lpm_mux:lpm_mux_component|mux_r5e:auto_generated|l2_w9_n0_mux_dataout            ; out0             ;
; |cache_row_unit|cache_row_memory_unit:inst1|lpm_bustri0:inst24|lpm_bustri:lpm_bustri_component|dout[3]                                     ; |cache_row_unit|cache_row_memory_unit:inst1|lpm_bustri0:inst24|lpm_bustri:lpm_bustri_component|dout[3]                                     ; out              ;
; |cache_row_unit|cache_row_memory_unit:inst1|lpm_dff3:tag|lpm_ff:lpm_ff_component|dffs[9]                                                   ; |cache_row_unit|cache_row_memory_unit:inst1|lpm_dff3:tag|lpm_ff:lpm_ff_component|dffs[9]                                                   ; regout           ;
; |cache_row_unit|cache_row_memory_unit:inst1|lpm_dff3:tag|lpm_ff:lpm_ff_component|dffs[8]                                                   ; |cache_row_unit|cache_row_memory_unit:inst1|lpm_dff3:tag|lpm_ff:lpm_ff_component|dffs[8]                                                   ; regout           ;
; |cache_row_unit|cache_row_memory_unit:inst1|lpm_dff3:tag|lpm_ff:lpm_ff_component|dffs[7]                                                   ; |cache_row_unit|cache_row_memory_unit:inst1|lpm_dff3:tag|lpm_ff:lpm_ff_component|dffs[7]                                                   ; regout           ;
; |cache_row_unit|cache_row_memory_unit:inst1|lpm_dff3:tag|lpm_ff:lpm_ff_component|dffs[6]                                                   ; |cache_row_unit|cache_row_memory_unit:inst1|lpm_dff3:tag|lpm_ff:lpm_ff_component|dffs[6]                                                   ; regout           ;
; |cache_row_unit|cache_row_memory_unit:inst1|lpm_dff3:tag|lpm_ff:lpm_ff_component|dffs[5]                                                   ; |cache_row_unit|cache_row_memory_unit:inst1|lpm_dff3:tag|lpm_ff:lpm_ff_component|dffs[5]                                                   ; regout           ;
; |cache_row_unit|cache_row_memory_unit:inst1|lpm_dff3:tag|lpm_ff:lpm_ff_component|dffs[4]                                                   ; |cache_row_unit|cache_row_memory_unit:inst1|lpm_dff3:tag|lpm_ff:lpm_ff_component|dffs[4]                                                   ; regout           ;
; |cache_row_unit|cache_row_memory_unit:inst1|lpm_dff3:tag|lpm_ff:lpm_ff_component|dffs[3]                                                   ; |cache_row_unit|cache_row_memory_unit:inst1|lpm_dff3:tag|lpm_ff:lpm_ff_component|dffs[3]                                                   ; regout           ;
; |cache_row_unit|cache_row_memory_unit:inst1|lpm_dff3:tag|lpm_ff:lpm_ff_component|dffs[2]                                                   ; |cache_row_unit|cache_row_memory_unit:inst1|lpm_dff3:tag|lpm_ff:lpm_ff_component|dffs[2]                                                   ; regout           ;
; |cache_row_unit|cache_row_memory_unit:inst1|lpm_dff3:tag|lpm_ff:lpm_ff_component|dffs[1]                                                   ; |cache_row_unit|cache_row_memory_unit:inst1|lpm_dff3:tag|lpm_ff:lpm_ff_component|dffs[1]                                                   ; regout           ;
; |cache_row_unit|cache_row_memory_unit:inst1|lpm_dff3:tag|lpm_ff:lpm_ff_component|dffs[0]                                                   ; |cache_row_unit|cache_row_memory_unit:inst1|lpm_dff3:tag|lpm_ff:lpm_ff_component|dffs[0]                                                   ; regout           ;
; |cache_row_unit|cache_row_memory_unit:inst1|lpm_bustri1:inst25|lpm_bustri:lpm_bustri_component|dout[3]                                     ; |cache_row_unit|cache_row_memory_unit:inst1|lpm_bustri1:inst25|lpm_bustri:lpm_bustri_component|dout[3]                                     ; out              ;
; |cache_row_unit|cache_row_memory_unit:inst1|lpm_bustri1:inst25|lpm_bustri:lpm_bustri_component|dout[2]                                     ; |cache_row_unit|cache_row_memory_unit:inst1|lpm_bustri1:inst25|lpm_bustri:lpm_bustri_component|dout[2]                                     ; out              ;
; |cache_row_unit|cache_row_memory_unit:inst1|lpm_bustri1:inst25|lpm_bustri:lpm_bustri_component|dout[1]                                     ; |cache_row_unit|cache_row_memory_unit:inst1|lpm_bustri1:inst25|lpm_bustri:lpm_bustri_component|dout[1]                                     ; out              ;
; |cache_row_unit|cache_row_memory_unit:inst1|lpm_bustri1:inst25|lpm_bustri:lpm_bustri_component|dout[0]                                     ; |cache_row_unit|cache_row_memory_unit:inst1|lpm_bustri1:inst25|lpm_bustri:lpm_bustri_component|dout[0]                                     ; out              ;
; |cache_row_unit|cache_row_memory_unit:inst1|lpm_dff7:dirty_boots|lpm_ff:lpm_ff_component|dffs[0]                                           ; |cache_row_unit|cache_row_memory_unit:inst1|lpm_dff7:dirty_boots|lpm_ff:lpm_ff_component|dffs[0]                                           ; regout           ;
; |cache_row_unit|cache_row_memory_unit:inst1|lpm_dff7:valid_fl|lpm_ff:lpm_ff_component|dffs[0]                                              ; |cache_row_unit|cache_row_memory_unit:inst1|lpm_dff7:valid_fl|lpm_ff:lpm_ff_component|dffs[0]                                              ; regout           ;
; |cache_row_unit|cache_row_controller_unit:inst|lpm_compare1:inst6|lpm_compare:lpm_compare_component|cmpr_big:auto_generated|data_wire[1]~0 ; |cache_row_unit|cache_row_controller_unit:inst|lpm_compare1:inst6|lpm_compare:lpm_compare_component|cmpr_big:auto_generated|data_wire[1]~0 ; out0             ;
; |cache_row_unit|cache_row_controller_unit:inst|lpm_compare1:inst6|lpm_compare:lpm_compare_component|cmpr_big:auto_generated|data_wire[1]~1 ; |cache_row_unit|cache_row_controller_unit:inst|lpm_compare1:inst6|lpm_compare:lpm_compare_component|cmpr_big:auto_generated|data_wire[1]~1 ; out0             ;
; |cache_row_unit|cache_row_controller_unit:inst|lpm_compare1:inst6|lpm_compare:lpm_compare_component|cmpr_big:auto_generated|data_wire[1]   ; |cache_row_unit|cache_row_controller_unit:inst|lpm_compare1:inst6|lpm_compare:lpm_compare_component|cmpr_big:auto_generated|data_wire[1]   ; out0             ;
; |cache_row_unit|cache_row_controller_unit:inst|lpm_compare1:inst6|lpm_compare:lpm_compare_component|cmpr_big:auto_generated|data_wire[0]~2 ; |cache_row_unit|cache_row_controller_unit:inst|lpm_compare1:inst6|lpm_compare:lpm_compare_component|cmpr_big:auto_generated|data_wire[0]~2 ; out0             ;
; |cache_row_unit|cache_row_controller_unit:inst|lpm_compare7:inst5|lpm_compare:lpm_compare_component|cmpr_ojg:auto_generated|data_wire[6]~0 ; |cache_row_unit|cache_row_controller_unit:inst|lpm_compare7:inst5|lpm_compare:lpm_compare_component|cmpr_ojg:auto_generated|data_wire[6]~0 ; out0             ;
; |cache_row_unit|cache_row_controller_unit:inst|lpm_compare7:inst5|lpm_compare:lpm_compare_component|cmpr_ojg:auto_generated|data_wire[6]~1 ; |cache_row_unit|cache_row_controller_unit:inst|lpm_compare7:inst5|lpm_compare:lpm_compare_component|cmpr_ojg:auto_generated|data_wire[6]~1 ; out0             ;
; |cache_row_unit|cache_row_controller_unit:inst|lpm_compare7:inst5|lpm_compare:lpm_compare_component|cmpr_ojg:auto_generated|data_wire[6]   ; |cache_row_unit|cache_row_controller_unit:inst|lpm_compare7:inst5|lpm_compare:lpm_compare_component|cmpr_ojg:auto_generated|data_wire[6]   ; out0             ;
; |cache_row_unit|cache_row_controller_unit:inst|lpm_compare7:inst5|lpm_compare:lpm_compare_component|cmpr_ojg:auto_generated|data_wire[5]~2 ; |cache_row_unit|cache_row_controller_unit:inst|lpm_compare7:inst5|lpm_compare:lpm_compare_component|cmpr_ojg:auto_generated|data_wire[5]~2 ; out0             ;
; |cache_row_unit|cache_row_controller_unit:inst|lpm_compare7:inst5|lpm_compare:lpm_compare_component|cmpr_ojg:auto_generated|data_wire[5]~3 ; |cache_row_unit|cache_row_controller_unit:inst|lpm_compare7:inst5|lpm_compare:lpm_compare_component|cmpr_ojg:auto_generated|data_wire[5]~3 ; out0             ;
; |cache_row_unit|cache_row_controller_unit:inst|lpm_compare7:inst5|lpm_compare:lpm_compare_component|cmpr_ojg:auto_generated|data_wire[5]   ; |cache_row_unit|cache_row_controller_unit:inst|lpm_compare7:inst5|lpm_compare:lpm_compare_component|cmpr_ojg:auto_generated|data_wire[5]   ; out0             ;
; |cache_row_unit|cache_row_controller_unit:inst|lpm_compare7:inst5|lpm_compare:lpm_compare_component|cmpr_ojg:auto_generated|data_wire[4]~4 ; |cache_row_unit|cache_row_controller_unit:inst|lpm_compare7:inst5|lpm_compare:lpm_compare_component|cmpr_ojg:auto_generated|data_wire[4]~4 ; out0             ;
; |cache_row_unit|cache_row_controller_unit:inst|lpm_compare7:inst5|lpm_compare:lpm_compare_component|cmpr_ojg:auto_generated|data_wire[4]~5 ; |cache_row_unit|cache_row_controller_unit:inst|lpm_compare7:inst5|lpm_compare:lpm_compare_component|cmpr_ojg:auto_generated|data_wire[4]~5 ; out0             ;
; |cache_row_unit|cache_row_controller_unit:inst|lpm_compare7:inst5|lpm_compare:lpm_compare_component|cmpr_ojg:auto_generated|data_wire[4]   ; |cache_row_unit|cache_row_controller_unit:inst|lpm_compare7:inst5|lpm_compare:lpm_compare_component|cmpr_ojg:auto_generated|data_wire[4]   ; out0             ;
+--------------------------------------------------------------------------------------------------------------------------------------------+--------------------------------------------------------------------------------------------------------------------------------------------+------------------+


+---------------------+
; Simulator INI Usage ;
+--------+------------+
; Option ; Usage      ;
+--------+------------+


+--------------------+
; Simulator Messages ;
+--------------------+
Info: *******************************************************************
Info: Running Quartus II Simulator
    Info: Version 9.1 Build 222 10/21/2009 SJ Web Edition
    Info: Processing started: Sat May 30 01:15:24 2026
Info: Command: quartus_sim --read_settings_files=on --write_settings_files=off SiFOVM_KP -c SiFOVM_KP
Info: Using vector source file "C:/Users/lapshet/Desktop/KP/project/cache_row_unit.vwf"
Warning: Ignored node in vector source file. Can't find corresponding node name "write_RAW" in design.
Info: Option to preserve fewer signal transitions to reduce memory requirements is enabled
    Info: Simulation has been partitioned into sub-simulations according to the maximum transition count determined by the engine. Transitions from memory will be flushed out to disk at the end of each sub-simulation to reduce memory requirements.
Info: Simulation partitioned into 1 sub-simulations
Info: Simulation coverage is      34.03 %
Info: Number of transitions in simulation is 1451
Info: Quartus II Simulator was successful. 0 errors, 1 warning
    Info: Peak virtual memory: 159 megabytes
    Info: Processing ended: Sat May 30 01:15:24 2026
    Info: Elapsed time: 00:00:00
    Info: Total CPU time (on all processors): 00:00:01


